parishId,parishSlug,parishName,website,type,lat,long,parishAddress,parishDiocese,parishDioceseSlug,dioceseUrl,parishFamily,parishFamilySlug,parishDeanery,parishDeanerySlug,sundayMassTimes,dailyMassTimes,latinMass,confessionTimes,adorationTimes,overnightAdoration,benedictionTimes,devotions,parishCityCounty,parishCityCountySlug,parishProvinceState,provinceStateSlug,parishCountry,parishCountrySlug,parishPhone,parishEmail,parishNationality,parishPhotos,cathedral,basilica,shareBuildingSlug,shareBuildingName,parishesNotes,parishesLastUpdate
1,our-lady-of-perpetual-help-olph-windsor,Our Lady of Perpetual Help (OLPH),https://olph.dionet.org,Parish,42.283151,-83.001698,"804 Grand Marais Rd E, Windsor, ON N8X 3H8, Canada",Diocese of London,diocese-of-london-canada,https://dol.ca,Rose City Central Catholic Family of Parishes,rose-city-central-catholic-family-of-parishes,Windsor,windsor-diocese-of-london-canada,Saturday 17:00; Sunday 10:30,Tuesday 18:00; Thursday 18:00,,Tuesday 17:00-17:45,Tuesday 17:00-17:45,,,,Windsor,windsor-ontario-canada,Ontario,ontario,Canada,canada,519-258-0910,olph@dol.ca,,https://images.catholicparishes.org/canada/ontario/diocese_of_london/windsor/olph1.webp,,,,,,11/15/2025
2,assumption-parish-windsor,Assumption Parish,https://assumptionparish.ca,Parish,42.307376,-83.069703,"350 Huron Church Road, Windsor, ON, N9C 2J9, Canada",Diocese of London,diocese-of-london-canada,https://dol.ca,Windsor Heritage Catholic Family of Parishes,windsor-heritage-catholic-family-of-parishes,Windsor,windsor-diocese-of-london-canada,Sunday 09:00; Sunday 11:00; Sunday 19:30,Tuesday 08:00; Wednesday 08:00; Thursday 08:00,,Saturday 11:00-12:00; Sunday 18:30-19:15,Tuesday 08:30-15:30,,,,Windsor,windsor-ontario-canada,Ontario,ontario,Canada,canada,519-253-2493,assumption@dol.ca,,https://images.catholicparishes.org/canada/ontario/diocese_of_london/windsor/assumption1.webp; https://images.catholicparishes.org/canada/ontario/diocese_of_london/windsor/assumption2.webp; https://images.catholicparishes.org/canada/ontario/diocese_of_london/windsor/assumption3.webp; https://images.catholicparishes.org/canada/ontario/diocese_of_london/windsor/assumption4.webp,,,,,"Tuesday and Thursday morning masses, Sunday confessions, and Tuesday Adoration all take place in Rosary Chapel",11/15/2025
3,holy-trinity-windsor,Holy Trinity,https://olph.dionet.org/holy-trinity,Parish,42.306757,-83.014197,"1035 Ellis St E, Windsor, ON N8X 2J2, Canada",Diocese of London,diocese-of-london-canada,https://dol.ca,Rose City Central Catholic Family of Parishes,rose-city-central-catholic-family-of-parishes,Windsor,windsor-diocese-of-london-canada,Sunday 09:00; Sunday 10:30 (Polish); Sunday 12:30 (Polish),Monday 19:00 (Polish); Tuesday 19:00 (Polish); Wednesday 19:00 (Polish); Thursday 19:00 (Polish); Friday 19:00 (Polish); Saturday 08:00,,Monday 18:30-19:00; Tuesday 18:30-19:00; Wednesday 18:30-19:00; Thursday 18:30-19:00; Friday 18:30-19:00,Monday 18:30-19:00; Tuesday 18:30-19:00; Wednesday 18:30-19:00; Thursday 18:30-19:00; Friday 18:30-19:00; First Friday 18:00–19:00; First Friday 20:00–07:30 Adoration overnight,yes,,,Windsor,windsor-ontario-canada,Ontario,ontario,Canada,canada,(519) 253-5863,olph@dol.ca,Polish,https://images.catholicparishes.org/canada/ontario/diocese_of_london/windsor/holytrinity1.webp; https://images.catholicparishes.org/canada/ontario/diocese_of_london/windsor/holytrinity3.webp,,,,,,11/15/2025
4,st-francis-of-assisi-windsor,St. Francis of Assisi,https://olph.dionet.org/st-francis-of-assisi,Parish,42.305281,-82.9979,"1701 Turner Rd, Windsor, ON N8W 3J9, Canada",Diocese of London,diocese-of-london-canada,https://dol.ca,Rose City Central Catholic Family of Parishes,rose-city-central-catholic-family-of-parishes,Windsor,windsor-diocese-of-london-canada,Saturday 17:00 (Croatian); Sunday 09:00; Sunday 11:00 (Croatian),,,,,,,,Windsor,windsor-ontario-canada,Ontario,ontario,Canada,canada,(519) 252-6871,olph@dol.ca,Croatian,https://images.catholicparishes.org/canada/ontario/diocese_of_london/windsor/stfrancisofassisi1.webp; https://images.catholicparishes.org/canada/ontario/diocese_of_london/windsor/stfrancisofassisi2.webp,,,,,"9:00 AM Sunday Masses are not available in the month of August; For the Sacrament of Reconciliation, please contact the office",11/15/2025
5,immaculate-heart-parish-at-st-michael-s-church-windsor,Immaculate Heart Parish at St. Michael's Church,https://www.immaculateheartwindsor.ca,Parish,42.298568,-83.006548,"2153 Parkwood Ave, Windsor, ON N8W 2J8, Canada",Diocese of London,diocese-of-london-canada,https://dol.ca,Rose City Central Catholic Family of Parishes,rose-city-central-catholic-family-of-parishes,Windsor,windsor-diocese-of-london-canada,Saturday 17:00; Sunday 12:30,Wednesday 12:00; Friday 08:00,,Saturday 14:00-15:00,,,,,Windsor,windsor-ontario-canada,Ontario,ontario,Canada,canada,(519) 258-0910,shcwindsor@dol.ca ,German,https://images.catholicparishes.org/canada/ontario/diocese_of_london/windsor/immculate1.webp; https://images.catholicparishes.org/canada/ontario/diocese_of_london/windsor/stmichael1.webp,,,,,,11/15/2025
6,holy-name-of-mary-windsor,Holy Name of Mary,http://www.windsorlatinmass.org,Parish,42.306507,-83.054511,"681 McEwan Ave, Windsor, ON N9B 1H8, Canada",Diocese of London,diocese-of-london-canada,https://dol.ca,Windsor Heritage Catholic Family of Parishes,windsor-heritage-catholic-family-of-parishes,Windsor,windsor-diocese-of-london-canada,Sunday 14:00 (Latin),Tuesday 19:00 (Latin),yes,,,,,,Windsor,windsor-ontario-canada,Ontario,ontario,Canada,canada,(519) 968-1959,info@windsorlatinmass.org,,https://images.catholicparishes.org/canada/ontario/diocese_of_london/windsor/holynameofmary.webp,,,st-benedict-tridentine-catholic-community-windsor,St. Benedict Tridentine Catholic Community,,11/15/2025
7,st-benedict-tridentine-catholic-community-windsor,St. Benedict Tridentine Catholic Community,http://www.windsorlatinmass.org,Catholic Community,42.306384,-83.054742,"681 McEwan Ave, Windsor, ON N9B 1H8, Canada",Diocese of London,diocese-of-london-canada,https://dol.ca,Windsor Heritage Catholic Family of Parishes,windsor-heritage-catholic-family-of-parishes,Windsor,windsor-diocese-of-london-canada,,,,,,,,,Windsor,windsor-ontario-canada,Ontario,ontario,Canada,canada,(519) 968-1959,info@windsorlatinmass.org,,https://images.catholicparishes.org/canada/ontario/diocese_of_london/windsor/holynameofmary.webp,,,holy-name-of-mary-windsor,Holy Name of Mary,,11/15/2025
8,st-alphonsus-windsor,St. Alphonsus,https://stalphonsuschurch.ca,Parish,42.316357,-83.03624,"85 Park St E, Windsor, ON N9A 3A8, Canada",Diocese of London,diocese-of-london-canada,https://dol.ca,Windsor Heritage Catholic Family of Parishes,windsor-heritage-catholic-family-of-parishes,Windsor,windsor-diocese-of-london-canada,Saturday 17:00; Sunday 12:00; Sunday 17:30,Wednesday 12:00; Thursday 12:00; Friday 12:00,,Saturday 16:00-16:45; Wednesday 11:00-11:45,Thursday 12:30,,,,Windsor,windsor-ontario-canada,Ontario,ontario,Canada,canada,519-256-1849,stalphonsus@dol.ca,,https://images.catholicparishes.org/canada/ontario/diocese_of_london/windsor/stalphonsus1.webp; https://images.catholicparishes.org/canada/ontario/diocese_of_london/windsor/stalphonsus2.webp,,,st-daniel-comboni-windsor,St. Daniel Comboni,,11/15/2025
9,st-angela-merici-windsor,St. Angela Merici,https://stangelamerici.ca,Parish,42.312894,-83.023859,"980 Louis Avenue, Windsor, Ontario, N9A 1X9, Canada",Diocese of London,diocese-of-london-canada,https://dol.ca,Windsor Heritage Catholic Family of Parishes,windsor-heritage-catholic-family-of-parishes,Windsor,windsor-diocese-of-london-canada,Saturday 16:30 (Bilingual); Sunday 09:30 (Italian); Sunday 11:30,Monday 19:00; Tuesday 19:00 (Bilingual),,Saturday 15:45-16:15; Tuesday 18:30-18:50,,,,,Windsor,windsor-ontario-canada,Ontario,ontario,Canada,canada,519-254-5542,stangelamerici@dol.ca,Italian,https://images.catholicparishes.org/canada/ontario/diocese_of_london/windsor/stangela.webp,,,,,,11/15/2025
10,st-daniel-comboni-windsor,St. Daniel Comboni,https://stdaniel.ca,Catholic Community,42.3164,-83.036508,"85 Park St E, Windsor, ON N9A 3A8, Canada",Diocese of London,diocese-of-london-canada,https://dol.ca,Windsor Heritage Catholic Family of Parishes,windsor-heritage-catholic-family-of-parishes,Windsor,windsor-diocese-of-london-canada,,,,,,,,,Windsor,windsor-ontario-canada,Ontario,ontario,Canada,canada,519-256-1849,stalphonsus@dol.ca,African,https://images.catholicparishes.org/canada/ontario/diocese_of_london/windsor/stalphonsus1.webp; https://images.catholicparishes.org/canada/ontario/diocese_of_london/windsor/stalphonsus2.webp,,,st-alphonsus-windsor,St. Alphonsus,The St. Daniel community meets on the first Sunday of the month at 2:00pm at St. Alphonsus Church.,11/15/2025
11,corpus-christi-windsor,Corpus Christi,https://sw.dol.ca,Parish,42.255098,-83.019825,"1400 Cabana Road W, Windsor, ON N9G 1C4, Canada",Diocese of London,diocese-of-london-canada,https://dol.ca,South Windsor Family of Parishes,south-windsor-family-of-parishes,Windsor,windsor-diocese-of-london-canada,Saturday 17:00; Sunday 09:00; Sunday 11:00,Wednesday 08:30; Friday 08:30,,Friday 09:00-10:00,Friday 09:00-10:00,,,,Windsor,windsor-ontario-canada,Ontario,ontario,Canada,canada,519-969-5292,sw@dol.ca,,,,,,,,11/15/2025
12,our-lady-of-mount-carmel-windsor,Our Lady of Mount Carmel,https://sw.dol.ca,Parish,42.243376,-83.010614,"4401 Mt Royal Dr, Windsor, ON N9G 2C5, Canada",Diocese of London,diocese-of-london-canada,https://dol.ca,South Windsor Family of Parishes,south-windsor-family-of-parishes,Windsor,windsor-diocese-of-london-canada,Saturday 17:00; Sunday 09:00; Sunday 11:00,Tuesday 19:00; Thursday 08:30,,Tuesday 19:30-20:30,Tuesday 19:30-20:30,,,,Windsor,windsor-ontario-canada,Ontario,ontario,Canada,canada,519-969-5292,sw@dol.ca,,https://images.catholicparishes.org/canada/ontario/diocese_of_london/windsor/ourladyofmountcarmel.webp,,,st-yu-jin-gil-korean-catholic-community-windsor,St. Yu Jin-Gil Korean Catholic Community,,11/15/2025
13,st-philippe-minh-st-ane-thanh-vietnamese-martyrs-catholic-community-windsor,St. Philippe Minh & St. Ane Thanh Vietnamese Martyrs Catholic Community,https://sw.dol.ca,Catholic Community,42.290987,-83.048177,"1630 Partington Avenue, Windsor ON, N9B 2R1, Canada",Diocese of London,diocese-of-london-canada,https://dol.ca,South Windsor Family of Parishes,south-windsor-family-of-parishes,Windsor,windsor-diocese-of-london-canada,,,,,,,,,Windsor,windsor-ontario-canada,Ontario,ontario,Canada,canada,519-254-5552,sw@dol.ca,Vietnamese,https://images.catholicparishes.org/canada/ontario/diocese_of_london/windsor/stphilipheminh1.webp,,,,,,11/15/2025
14,st-yu-jin-gil-korean-catholic-community-windsor,St. Yu Jin-Gil Korean Catholic Community,https://sw.dol.ca,Catholic Community,42.243562,-83.010922,"4401 Mt Royal Dr, Windsor, ON N9G 2C5, Canada",Diocese of London,diocese-of-london-canada,https://dol.ca,South Windsor Family of Parishes,south-windsor-family-of-parishes,Windsor,windsor-diocese-of-london-canada,,,,,,,,,Windsor,windsor-ontario-canada,Ontario,ontario,Canada,canada,519-969-5292,sw@dol.ca,Korean,https://images.catholicparishes.org/canada/ontario/diocese_of_london/windsor/ourladyofmountcarmel.webp,,,our-lady-of-mount-carmel-windsor,Our Lady of Mount Carmel,,11/15/2025
15,our-lady-of-guadalupe-windsor,Our Lady of Guadalupe,https://ncwcf.dol.ca,Parish,42.326483,-82.976298,"834 Raymo Rd, Windsor, ON N8Y 4A6, Canada",Diocese of London,diocese-of-london-canada,https://dol.ca,North Central Windsor Catholic Family of Parishes,north-central-windsor-catholic-family-of-parishes,Windsor,windsor-diocese-of-london-canada,Saturday 17:00; Sunday 10:00 (Bilingual),Wednesday 09:30,,,Wednesday 10:30-15:00,,,,Windsor,windsor-ontario-canada,Ontario,ontario,Canada,canada,519-948-4133,nccatholic@dol.ca,Spanish,,,,san-juan-diego-of-guadalupe-windsor,San Juan Diego of Guadalupe,,11/15/2025
16,most-precious-blood-windsor,Most Precious Blood,https://ncwcf.dol.ca,Parish,42.305003,-82.984412,"1947 Meldrum Road Windsor, ON, N8W 4E3, Canada",Diocese of London,diocese-of-london-canada,https://dol.ca,North Central Windsor Catholic Family of Parishes,north-central-windsor-catholic-family-of-parishes,Windsor,windsor-diocese-of-london-canada,Saturday 17:00; Sunday 11:00 (American Sign Language),Thursday 08:30; Friday 08:30,,Saturday 11:00,Thursday 10:00-15:00,,Thursday 15:00,,Windsor,windsor-ontario-canada,Ontario,ontario,Canada,canada,519-948-4133,nccatholic@dol.ca,,https://images.catholicparishes.org/canada/ontario/diocese_of_london/windsor/mostpreciousblood1.webp; https://images.catholicparishes.org/canada/ontario/diocese_of_london/windsor/mostpreciousblood2.webp,,,,,,11/15/2025
17,st-theresa-windsor,St. Theresa,https://ncwcf.dol.ca,Parish,42.309443,-82.967806,"1991 Norman Road, Windsor, ON, N8T 1S1, Canada",Diocese of London,diocese-of-london-canada,https://dol.ca,North Central Windsor Catholic Family of Parishes,north-central-windsor-catholic-family-of-parishes,Windsor,windsor-diocese-of-london-canada,Sunday 09:00,Tuesday 19:00,,,,,,,Windsor,windsor-ontario-canada,Ontario,ontario,Canada,canada,519-948-4133,nccatholic@dol.ca,,https://images.catholicparishes.org/canada/ontario/diocese_of_london/windsor/sttheresa1.webp,,,,,,11/15/2025
18,san-juan-diego-of-guadalupe-windsor,San Juan Diego of Guadalupe,https://ncwcf.dol.ca,Catholic Community,42.326602,-82.976786,"834 Raymo Rd, Windsor, ON N8Y 4A6, Canada",Diocese of London,diocese-of-london-canada,https://dol.ca,North Central Windsor Catholic Family of Parishes,north-central-windsor-catholic-family-of-parishes,Windsor,windsor-diocese-of-london-canada,,,,,,,,,Windsor,windsor-ontario-canada,Ontario,ontario,Canada,canada,519-948-4133,nccatholic@dol.ca,Spanish,,,,our-lady-of-guadalupe-windsor,Our Lady of Guadalupe,,11/15/2025
19,sts-cyril-methodius-windsor,Sts. Cyril & Methodius,https://ncwcf.dol.ca,Parish,42.312461,-82.991425,"1532 Alexis Road, Windsor, ON, N8Y 4P2, Canada",Diocese of London,diocese-of-london-canada,https://dol.ca,North Central Windsor Catholic Family of Parishes,north-central-windsor-catholic-family-of-parishes,Windsor,windsor-diocese-of-london-canada,Sunday 11:30 (Bilingual),,,,,,,,Windsor,windsor-ontario-canada,Ontario,ontario,Canada,canada,519-948-4133,nccatholic@dol.ca,Slovak,https://images.catholicparishes.org/canada/ontario/diocese_of_london/windsor/stscyrilandmethodius1.webp,,,,,,11/15/2025
20,st-jerome-windsor,St-Jérôme,https://famillecatholique.ca/st-jerome,Parish,42.301976,-82.976759,"3739 Ypres Ave, Windsor, ON N8W 1S9, Windsor",Diocese of London,diocese-of-london-canada,https://dol.ca,Windsor-Lake St Clair Catholic Family of Parishes,windsorlake-st-clair-catholic-family-of-parishes,Windsor,windsor-diocese-of-london-canada,Sunday 10:00 (French),Tuesday 12:00,,,Saturday 11:00-12:00,,,,Windsor,windsor-ontario-canada,Ontario,ontario,Canada,canada,(519) 948-6115,stjerome@dol.ca,French,https://images.catholicparishes.org/canada/ontario/diocese_of_london/windsor/stjerome1.webp; https://images.catholicparishes.org/canada/ontario/diocese_of_london/windsor/stjerome2.webp,,,,,,11/15/2025
21,ste-anne-tecumseh,Ste. Anne,https://catholicfamily.ca/ste-anne,Parish,42.311085,-82.886449,"12233 Tecumseh Rd E., Tecumseh, ON N8N 1M3, Canada",Diocese of London,diocese-of-london-canada,https://dol.ca,Windsor-Lake St Clair Catholic Family of Parishes,windsorlake-st-clair-catholic-family-of-parishes,Essex,essex-diocese-of-london-canada,Saturday 16:30 (French); Saturday 18:00; Sunday 09:30; Sunday 12:00,Monday 08:30; Tuesday 08:30; Wednesday 08:30; Thursday 08:30; Friday 08:30; Saturday 08:30,,Saturday 09:00-10:00,Wednesday 09:00-10:00; Friday 09:00-21:00,,,Monday 08:00 (Rosary); Tuesday 08:00 (Rosary); Wednesday 08:00 (Rosary); Thursday 08:00 (Rosary); Friday 08:00 (Rosary); Saturday 08:00 (Rosary); Tuesday 09:00 (Holy Face); First Saturday 09:00 (Immaculate Heart),Tecumseh,tecumseh-ontario-canada,Ontario,ontario,Canada,canada,519-735-2182,steanne@dol.ca,French,https://images.catholicparishes.org/canada/ontario/diocese_of_london/windsor/stannes1.webp,,,,,Friday Adoration takes place in the Day Chapel; Rosary for Pro-Life 2:30-3pm / Divine Mercy 3pm,11/15/2025
22,st-simon-and-st-jude-belle-river,St. Simon and St. Jude,https://catholicfamily.ca/st-simon-st-jude,Parish,42.291548,-82.705684,"488 St Charles St. Belle River, ON N0R 1A0, Canada",Diocese of London,diocese-of-london-canada,https://dol.ca,Windsor-Lake St Clair Catholic Family of Parishes,windsorlake-st-clair-catholic-family-of-parishes,Essex,essex-diocese-of-london-canada,Saturday 16:30; Sunday 10:30,Tuesday 08:30; Thursday 08:30; Friday 09:30,,Friday 08:15-09:15; Saturday 15:45-16:15,,,,,Belle River,belle-river-ontario-canada,Ontario,ontario,Canada,canada,(519) 728-3381,stsimonstjude@dol.ca,,,,,,,,11/15/2025
23,good-shepherd-tecumseh,Good Shepherd,https://catholicfamily.ca/goodshepherd,Parish,42.302754,-82.823696,"462 Advance Blvd, Tecumseh, ON N8N 5G8, Canada",Diocese of London,diocese-of-london-canada,https://dol.ca,Windsor-Lake St Clair Catholic Family of Parishes,windsorlake-st-clair-catholic-family-of-parishes,Essex,essex-diocese-of-london-canada,Saturday 17:00; Sunday 08:30; Sunday 11:15,Wednesday 12:15; Thursday 18:30,,Wednesday 11:45-12:10; Thursday 18:00-18:25,,,,,Tecumseh,tecumseh-ontario-canada,Ontario,ontario,Canada,canada,(519) 735-9517,goodshepherd@dol.ca,,https://images.catholicparishes.org/canada/ontario/diocese_of_london/essex/goodshepherd1.webp; https://images.catholicparishes.org/canada/ontario/diocese_of_london/essex/goodshepherd2.webp,,,,,,11/15/2025
24,st-john-vianney-st-anthony-of-padua-windsor,St. John Vianney / St. Anthony of Padua,https://eastwindsorcatholic.dol.ca/st-john-vianney,Parish,42.338023,-82.941048,"385 Dieppe St, Windsor, ON N8S 3V3, Canada",Diocese of London,diocese-of-london-canada,https://dol.ca,East Windsor Catholic Family of Parishes,east-windsor-catholic-family-of-parishes,Windsor,windsor-diocese-of-london-canada,Saturday 17:00; Sunday 09:30; Third Sunday 11:30 (Hungarian),Tuesday 09:00; Thursday 09:00,,First Saturday 11:00-12:00,,,,,Windsor,windsor-ontario-canada,Ontario,ontario,Canada,canada, 519-735-6023,atonement@dol.ca,,,,,,,St John Vianney and St Anthony of Padua share the same church building.,11/15/2025
25,our-lady-of-the-atonement-windsor,Our Lady of the Atonement,https://eastwindsorcatholic.dol.ca/our-lady-of-the-atonement,Parish,42.310019,-82.914276,"2940 Forest Glade Dr, Windsor, ON N8R 1L5, Canada",Diocese of London,diocese-of-london-canada,https://dol.ca,East Windsor Catholic Family of Parishes,east-windsor-catholic-family-of-parishes,Windsor,windsor-diocese-of-london-canada,Saturday 17:00; Sunday 08:30; Sunday 10:30,Wednesday 09:00; Friday 09:00,,Third Saturday 11:00-12:00,,,,,Windsor,windsor-ontario-canada,Ontario,ontario,Canada,canada, 519-735-6023,atonement@dol.ca,,https://images.catholicparishes.org/canada/ontario/diocese_of_london/windsor/ourladyoftheattonement1.webp; https://images.catholicparishes.org/canada/ontario/diocese_of_london/windsor/ourladyoftheattonement2.webp,,,,,,11/15/2025
26,st-peter-s-cathedral-basilica-london,St. Peter’s Cathedral Basilica,https://www.lncc.dol.ca/st-peters-cathedral-basilica,Parish,42.987372,-81.250259,"196 Dufferin Ave, London, ON N6A 1K8",Diocese of London,diocese-of-london-canada,https://dol.ca,London North Central Catholic Family of Parishes,london-north-central-catholic-family-of-parishes,London,london-diocese-of-london-canada,Saturday 17:00; Sunday 09:00; Sunday 11:00,Wednesday 12:00; Friday 12:00,,Saturday 09:00-10:00,,,,,London,london-ontario-canada,Ontario,ontario,Canada,canada,519-432-3475,basilica@dol.ca,, https://images.catholicparishes.org/canada/ontario/diocese_of_london/london/stpeterlondon1.webp; https://images.catholicparishes.org/canada/ontario/diocese_of_london/london/stpeterlondon2.webp; https://images.catholicparishes.org/canada/ontario/diocese_of_london/london/stpeterlondon3.webp; https://images.catholicparishes.org/canada/ontario/diocese_of_london/london/stpeterlondon4.webp,yes,yes,,,,11/15/2025
27,st-michael-s-parish-london,St. Michael's Parish,https://www.lncc.dol.ca/st-michaels-parish,Parish,43.004694,-81.244556,"511 Cheapside Street, London, ON N5Y 3X5, Canada",Diocese of London,diocese-of-london-canada,https://dol.ca,London North Central Catholic Family of Parishes,london-north-central-catholic-family-of-parishes,London,london-diocese-of-london-canada,"Saturday 17:00; Sunday 08:00; Sunday 10:00, Sunday 12:00",Tuesday 19:00; Thursday 19:00,,Saturday 09:00-10:00,,,,,London,london-ontario-canada,Ontario,ontario,Canada,canada,519-433-6689,stmichlon@dol.ca,,https://images.catholicparishes.org/canada/ontario/diocese_of_london/london/stmichaels1.webp; https://images.catholicparishes.org/canada/ontario/diocese_of_london/london/stmichaels2.webp,,,st-josephine-bakhite-community-london,St. Josephine Bakhite Community,,11/15/2025
28,st-josephine-bakhite-community-london,St. Josephine Bakhite Community,https://www.lncc.dol.ca/st-michaels-parish,Catholic Community,43.004267,-81.245281,"511 Cheapside Street, London, ON N5Y 3X5, Canada",Diocese of London,diocese-of-london-canada,https://dol.ca,London North Central Catholic Family of Parishes,london-north-central-catholic-family-of-parishes,London,london-diocese-of-london-canada,Fourth Sunday 14:30,,,,,,,,London,london-ontario-canada,Ontario,ontario,Canada,canada,519-433-6689,stjosephinebakhita2020@gmail.com,African; Caribbean,https://images.catholicparishes.org/canada/ontario/diocese_of_london/london/stmichaels1.webp; https://images.catholicparishes.org/canada/ontario/diocese_of_london/london/stmichaels2.webp,,,st-michael-s-parish-london,St. Michael's Parish,,11/15/2025
29,st-paul-lasalle,St. Paul,https://lasallerivercanardfamily.dol.ca,Parish,42.246838,-83.061356,"5885 Malden Rd. LaSalle, ON  N9H 1S5, Canada",Diocese of London,diocese-of-london-canada,https://dol.ca,La Salle River Canard Catholic Family of Parishes,la-salle-river-canard-catholic-family-of-parishes,Essex,essex-diocese-of-london-canada,Saturday 16:30,Tuesday 18:30,,Tuesday 17:45-18:15,,,,,LaSalle,lasalle-ontario-canada,Ontario,ontario,Canada,canada,(519) 969-5566,stpaul@dol.ca,,https://images.catholicparishes.org/canada/ontario/diocese_of_london/essex/stpaul.webp,,,,,Check website for Adoration times. They change each month.,11/28/2025
30,st-joseph-amherstburg,St. Joseph,https://lasallerivercanardfamily.dol.ca,Parish,42.185798,-83.069816,"9399 N Townline Rd, Amherstburg, ON N9J 2W6, Canada",Diocese of London,diocese-of-london-canada,https://dol.ca,La Salle River Canard Catholic Family of Parishes,la-salle-river-canard-catholic-family-of-parishes,Essex,essex-diocese-of-london-canada,Sunday 11:15 (French); Sunday 12:00,Wednesday 09:00; Friday 09:30 (French),,,,,,,Amherstburg,amherstburg-ontario-canada,Ontario,ontario,Canada,canada,(519) 734-8044,stjosephrc@dol.ca,French,https://images.catholicparishes.org/canada/ontario/diocese_of_london/essex/stjoseph.webp,,,,,"During the school year, the Friday daily Mass will be celebrated at École Mon Augustin Caron on the 2nd Friday of each month. Everyone is welcome to attend these Masses.; Check website for Adoration times. They change each month.",11/28/2025
31,sacred-heart-lasalle,Sacred Heart,https://lasallerivercanardfamily.dol.ca,Parish,42.232402,-83.09932,"1425 Divine St. LaSalle, ON  N9J 0C5, Canada",Diocese of London,diocese-of-london-canada,https://dol.ca,La Salle River Canard Catholic Family of Parishes,la-salle-river-canard-catholic-family-of-parishes,Essex,essex-diocese-of-london-canada,Sunday 08:30,Thursday 09:00,,Saturday 11:00-11:45,,,,,LaSalle,lasalle-ontario-canada,Ontario,ontario,Canada,canada,(519) 734-7512,shlasalle@dol.ca,,https://images.catholicparishes.org/canada/ontario/diocese_of_london/essex/sacredheart.webp,,,,,Check website for Adoration times. They change each month.,11/28/2025
32,st-john-the-baptist-amherstburg,St. John the Baptist,https://ahcfop.ca,Parish,42.102927,-83.103569,"225 Brock St, Amherstburg, ON N9V 2H3, Canada",Diocese of London,diocese-of-london-canada,https://dol.ca,Amherstburg Harrow Catholic Family of Parishes,amherstburg-harrow-catholic-family-of-parishes,Essex,essex-diocese-of-london-canada,Saturday 17:00; Sunday 11:00,Wednesday 09:00; Friday 09:00; First Saturday 09:00,,Saturday 9:45-10:30,Wednesday 09:30:21:30,,,Friday 15:00 (Divine Mercy Chaplet),Amherstburg,amherstburg-ontario-canada,Ontario,ontario,Canada,canada,519-736-5418,ahcfop@dol.ca ,,https://images.catholicparishes.org/canada/ontario/diocese_of_london/essex/stjohnthebaptist.webp,,,,,Wednesday Adoration takes place in the Adoration Chapel,11/28/2025
33,st-anthony-of-padua-harrow,St. Anthony of Padua,https://ahcfop.ca,Parish,42.038238,-82.920293,"120 Munger St W, Harrow, ON N0R 1G0, Canada",Diocese of London,diocese-of-london-canada,https://dol.ca,Amherstburg Harrow Catholic Family of Parishes,amherstburg-harrow-catholic-family-of-parishes,Essex,essex-diocese-of-london-canada,Sunday 09:00,Tuesday 18:00; Thursday 09:00,,,,,,,Harrow,harrow-ontario-canada,Ontario,ontario,Canada,canada,519-736-5418,ahcfop@dol.ca ,,https://images.catholicparishes.org/canada/ontario/diocese_of_london/essex/stanthonyofpadua1.webp; https://images.catholicparishes.org/canada/ontario/diocese_of_london/essex/stanthonyofpadua2.webp,,,,,,11/28/2025
34,st-mary-maidstone,St. Mary,https://centralessexcatholic.dol.ca,Parish,42.209078,-82.886031,"12048 County Rd 34, Maidstone, ON N0R 1K0, Canada",Diocese of London,diocese-of-london-canada,https://dol.ca,Central Essex County Catholic Family of Parishes,central-essex-county-catholic-family-of-parishes,Essex,essex-diocese-of-london-canada,Sunday 08:30,Thursday 09:30,,Thursday 09:00-09:30,,,,,Maidstone,maidstone-ontario-canada,Ontario,ontario,Canada,canada,519-776-8483,centralessexcatholic@dol.ca,,https://images.catholicparishes.org/canada/ontario/diocese_of_london/essex/stmary.webp,,,,,,11/28/2025
35,st-clement-mcgregor,St. Clement,https://centralessexcatholic.dol.ca,Parish,42.14585,-82.969437,"9567 County Rd 11, McGregor, ON N0R 1J0, Canada",Diocese of London,diocese-of-london-canada,https://dol.ca,Central Essex County Catholic Family of Parishes,central-essex-county-catholic-family-of-parishes,Essex,essex-diocese-of-london-canada,Sunday 09:45,Tuesday 19:00,,Tuesday 18:15-18:45,Tuesday 18:00-19:00; Wednesday 14:00-16:00; Sunday 14:00-16:00,,,,McGregor,mcgregor-ontario-canada,Ontario,ontario,Canada,canada,519-776-8483,centralessexcatholic@dol.ca,,https://images.catholicparishes.org/canada/ontario/diocese_of_london/essex/stclement.webp,,,,,,11/28/2025
36,holy-name-of-jesus-essex,Holy Name of Jesus,https://centralessexcatholic.dol.ca,Parish,42.169312,-82.816384,"146 Talbot St S, Essex, ON N8M 1B4, Canada",Diocese of London,diocese-of-london-canada,https://dol.ca,Central Essex County Catholic Family of Parishes,central-essex-county-catholic-family-of-parishes,Essex,essex-diocese-of-london-canada,Saturday 18:00; Sunday 11:00,Friday 09:45; Saturday 08:30,,Saturday 09:00-09:30,Friday 08:30-09:30,,,,Essex,essex-ontario-canada,Ontario,ontario,Canada,canada,519-776-8483,centralessexcatholic@dol.ca,,https://images.catholicparishes.org/canada/ontario/diocese_of_london/essex/holynameofJesus.webp,,,,,,11/28/2025
37,st-john-the-evangelist-north-woodslee,St. John the Evangelist,https://centralessexcatholic.dol.ca,Parish,42.215138,-82.721654,"1688 County Rd 46, North Woodslee, ON N0R 1V0, Canada",Diocese of London,diocese-of-london-canada,https://dol.ca,Central Essex County Catholic Family of Parishes,central-essex-county-catholic-family-of-parishes,Essex,essex-diocese-of-london-canada,Saturday 16:30,Wednesday 09:30,,Wednesday 09:00-09:30,,,,,North Woodslee,north-woodslee-ontario-canada,Ontario,ontario,Canada,canada,519-776-8483,centralessexcatholic@dol.ca,,https://images.catholicparishes.org/canada/ontario/diocese_of_london/essex/stjohntheevangelist.webp,,,,,,11/28/2025
38,st-john-de-brebeuf-kingsville,St. John de Brébeuf,https://esscatholic.ca,Parish,42.037612,-82.736369,"67 Main St E, Kingsville, ON N9Y 1A1, Canada",Diocese of London,diocese-of-london-canada,https://dol.ca,Erie Shores South Catholic Family of Parishes,erie-shores-south-catholic-family-of-parishes,Essex,essex-diocese-of-london-canada,Saturday 17:00; Sunday 08:30,Wednesday 18:30; Friday 09:30,,Wednesday 18:00-18:30; Friday 09:00-09:30; Saturday 16:30-17:00; Sunday 08:00-08:30,Wednesday 19:00-20:00; Friday 10:00-11:00,,,,Kingsville,kingsville-ontario-canada,Ontario,ontario,Canada,canada,(519) 326.2643,esscatholic@dol.ca,,https://images.catholicparishes.org/canada/ontario/diocese_of_london/essex/stjohndrebeuf.webp,,,,,,11/29/2025
39,st-michael-leamington,St. Michael,https://esscatholic.ca,Parish,42.0533,-82.605804,"29 Elliott St, Leamington, ON N8H 3M4, Canada",Diocese of London,diocese-of-london-canada,https://dol.ca,Erie Shores South Catholic Family of Parishes,erie-shores-south-catholic-family-of-parishes,Essex,essex-diocese-of-london-canada,Saturday 17:00; Sunday 10:00; Sunday 15:00 (Spanish); Sunday 18:30,Tuesday 18:30; Wednesday 08:30; Thursday 08:30,,Tuesday 18:00-18:30; Wednesday 08:00-08:30; Thursday 08:00-08:30; Saturday 16:30-17:00; Sunday 09:30-10:00; Sunday 14:30-15:00; Sunday 18:00-18:30,Tuesday 19:00-20:00; Wednesday 09:00-10:00; Thursday 09:00-10:00,,,,Leamington,leamington-ontario-canada,Ontario,ontario,Canada,canada,(519) 326.2643,esscatholic@dol.ca,Spanish,https://images.catholicparishes.org/canada/ontario/diocese_of_london/essex/stmichael.webp,,,,,,11/29/2025
40,our-lady-of-the-blessed-sacrament-wheatley,Our Lady of the Blessed Sacrament,https://esscatholic.ca,Catholic Church,42.088143,-82.462478,"22 Middleton Line, Wheatley, ON N0P 2P0, Canada",Diocese of London,diocese-of-london-canada,https://dol.ca,Erie Shores South Catholic Family of Parishes,erie-shores-south-catholic-family-of-parishes,Essex,essex-diocese-of-london-canada,,First Wednesday 18:30,,First Wednesday 18:00-18:30,,,,,Wheatley,wheatley-ontario-canada,Ontario,ontario,Canada,canada,(519) 326.2643,esscatholic@dol.ca,,https://images.catholicparishes.org/canada/ontario/diocese_of_london/essex/ourladyoftheblessedsacrament1.webp; https://images.catholicparishes.org/canada/ontario/diocese_of_london/essex/ourladyoftheblessedsacrament2.webp,,,,,,11/29/2025
41,star-of-the-sea-pelee-island,Star of the Sea,https://esscatholic.ca,Catholic Church,41.755618,-82.666229,"374 East West Rd, Pelee Island, ON N0R 1M0, Canada",Diocese of London,diocese-of-london-canada,https://dol.ca,Erie Shores South Catholic Family of Parishes,erie-shores-south-catholic-family-of-parishes,Essex,essex-diocese-of-london-canada,,Every Other Thursday 18:30,,Every Other Thursday 18:00-18:30,,,,,Pelee Island,pelee-island-ontario-canada,Ontario,ontario,Canada,canada,(519) 326.2643,esscatholic@dol.ca,,,,,,,Please see Mass Times link as the schedule is not constant and updates regularly.,11/29/2025
42,immaculee-conception-pain-court,Immaculée Conception,https://eriestclairparishes.com,Parish,42.391167,-82.292495,"24156 Winter Line Rd, Pain Court, ON N0P 1Z0, Canada",Diocese of London,diocese-of-london-canada,https://dol.ca,Lakes Erie and St.Clair Catholic Family of Parishes,lakes-erie-and-stclair-catholic-family-of-parishes,Kent,kent-diocese-of-london-canada,Saturday 17:00 (Bilingual); Sunday 11:30 (Bilingual),Wednesday 08:30 (French); Thursday 18:30,,Saturday 16:00-16:30,Thursday 19:00-20:30,,,,Pain Court,pain-court-ontario-canada,Ontario,ontario,Canada,canada,(519) 354-3694,ErieStClairParishes@dol.ca,French,https://images.catholicparishes.org/canada/ontario/diocese_of_london/kent/immaculateconception.webp,,,,,"17:00 Saturday Mass follows the following schedule for the language Mass is said: En: Jan, Mar, May, July, Sept & Nov /\/ Fr: Feb, Apr, Jun, Aug, Oct & Dec; 11:30 Sunday Mass follows the following schedule for the language Mass is said: Fr: Jan, Mar, May, July, Sept & Nov /\/ En: Feb, Apr, Jun, Aug, Oct & Dec",11/29/2025
43,st-francis-xavier-tilbury,St. Francis Xavier,https://eriestclairparishes.com,Parish,42.258448,-82.435678,"32 Canal St W, Tilbury, ON N0P 2L0, Canada",Diocese of London,diocese-of-london-canada,https://dol.ca,Lakes Erie and St.Clair Catholic Family of Parishes,lakes-erie-and-stclair-catholic-family-of-parishes,Kent,kent-diocese-of-london-canada,Saturday 17:00; Sunday 09:45,Tuesday 18:30; Friday 8:30,,Saturday 16:00-16:30,,,,,Tilbury,tilbury-ontario-canada,Ontario,ontario,Canada,canada,(519) 682 -1102,ErieStClairParishes@dol.ca,,https://images.catholicparishes.org/canada/ontario/diocese_of_london/kent/stfrancisxavier.webp,,,,,,11/29/2025
44,visitation-parish-comber,Visitation Parish,https://eriestclairparishes.com,Parish,42.248375,-82.552568,"5407 Comber Sideroad, Comber, ON N0P 1J0, Canada",Diocese of London,diocese-of-london-canada,https://dol.ca,Lakes Erie and St.Clair Catholic Family of Parishes,lakes-erie-and-stclair-catholic-family-of-parishes,Essex,essex-diocese-of-london-canada,Sunday 08:30 (French); Sunday 10:30,Wednesday 18:30; Thursday 08:30; Friday 12:00 (French),,Wednesday 17:45-18:15,,,,,Comber,comber-ontario-canada,Ontario,ontario,Canada,canada,(519) 687-3118,ErieStClairParishes@dol.ca,French,https://images.catholicparishes.org/canada/ontario/diocese_of_london/kent/visitation.webp,,,,,,11/29/2025
45,st-peter-tilbury,St. Peter,https://eriestclairparishes.com,Parish,42.340121,-82.362185,"5425 Tecumseh Line, Tilbury, ON N0P 2L0, Canada",Diocese of London,diocese-of-london-canada,https://dol.ca,Lakes Erie and St.Clair Catholic Family of Parishes,lakes-erie-and-stclair-catholic-family-of-parishes,Kent,kent-diocese-of-london-canada,Sunday 08:00,Tuesday 18:30,,Tuesday 18:00-18:20,,,,,Tilbury,tilbury-ontario-canada,Ontario,ontario,Canada,canada,(519) 682 -1102,ErieStClairParishes@dol.ca,,https://images.catholicparishes.org/canada/ontario/diocese_of_london/kent/stpeter.webp,,,,,,11/29/2025
46,blessed-sacrament-chatham,Blessed Sacrament,https://ccfp.dol.ca,Parish,42.412198,-82.189783,"145 Victoria Ave, Chatham, ON N7L 3A7, Canada",Diocese of London,diocese-of-london-canada,https://dol.ca,Chatham Catholic Family of Parishes,chatham-catholic-family-of-parishes,Kent,kent-diocese-of-london-canada,Saturday 17:00; Sunday 09:00,Wednesday 08:00; Thursday 18:30,,Thursday 18:00-18:20,Monday 19:00-21:00,,,,Chatham,chatham-ontario-canada,Ontario,ontario,Canada,canada,519-352-8530,bsacramentparish@dol.ca,,https://images.catholicparishes.org/canada/ontario/diocese_of_london/kent/blessedsacrament.webp,,,,,,11/29/2025
47,our-lady-of-victory-chatham,Our Lady of Victory,https://ccfp.dol.ca,Catholic Community,42.418582,-82.205576,"490 St Clair St, Chatham, ON N7L 3K8, Canada",Diocese of London,diocese-of-london-canada,https://dol.ca,Chatham Catholic Family of Parishes,chatham-catholic-family-of-parishes,Kent,kent-diocese-of-london-canada,Sunday 09:30; Sunday 11:00,Wednesday 19:00 (Polish); Saturday 09:00,,Wednesday 18:30-18:50; Saturday 09:45-10:30,Saturday 09:30-11:00,,,,Chatham,chatham-ontario-canada,Ontario,ontario,Canada,canada,519-352-8530,ourladyv@dol.ca,Polish,https://images.catholicparishes.org/canada/ontario/diocese_of_london/kent/ourladyofvictory1.webp; https://images.catholicparishes.org/canada/ontario/diocese_of_london/kent/ourladyofvictory2.webp,,,,,Saturday Adoration does NOT take place on the first Saturday of each month.,11/29/2025
48,st-joseph-chatham,St. Joseph,https://ccfp.dol.ca,Parish,42.403587,-82.186682,"180 Wellington St W, Chatham, ON N7M 5K4, Canada",Diocese of London,diocese-of-london-canada,https://dol.ca,Chatham Catholic Family of Parishes,chatham-catholic-family-of-parishes,Kent,kent-diocese-of-london-canada,Sunday 08:00; Sunday 12:00,Friday 12:00,,Friday 11:15-11:45,,,,,Chatham,chatham-ontario-canada,Ontario,ontario,Canada,canada,519-352-8530,stjoseph@dol.ca,,https://images.catholicparishes.org/canada/ontario/diocese_of_london/kent/stjoseph1.webp; https://images.catholicparishes.org/canada/ontario/diocese_of_london/kent/stjoseph2.webp,,,,,,11/29/2025
49,st-ursula-chatham,St. Ursula,https://ccfp.dol.ca,Parish,42.388671,-82.17929,"205 Tweedsmuir Ave W, Chatham, ON N7M 5N8, Canada",Diocese of London,diocese-of-london-canada,https://dol.ca,Chatham Catholic Family of Parishes,chatham-catholic-family-of-parishes,Kent,kent-diocese-of-london-canada,Sunday 10:00 (Sign Language),Tuesday 18:30,,Tuesday 18:00-18:20,,,,,Chatham,chatham-ontario-canada,Ontario,ontario,Canada,canada,519-352-8530,stursula@dol.ca,,https://images.catholicparishes.org/canada/ontario/diocese_of_london/kent/stursula.webp,,,,,,11/29/2025
50,st-paul-s-thamesville,St. Paul's,https://southkentcatholicfamilyofparishes.ca,Parish,42.550069,-81.977121,"9 Alice St, Thamesville, ON N0P 2K0, Canada",Diocese of London,diocese-of-london-canada,https://dol.ca,South Kent Catholic Family of Parishes,south-kent-catholic-family-of-parishes,Kent,kent-diocese-of-london-canada,Saturday 19:00; Sunday 09:00,Tuesday 18:30; Thursday 18:30; Saturday 09:00,,Saturday 10:00-10:30,,,,,Thamesville,thamesville-ontario-canada,Ontario,ontario,Canada,canada,519-692-3874,stpaulthames@dol.ca,,https://images.catholicparishes.org/canada/ontario/diocese_of_london/kent/stpaul.webp,,,,,,11/29/2025
51,st-mary-blenheim,St. Mary,https://southkentcatholicfamilyofparishes.ca,Parish,42.333923,-82.002447,"95 Marlborough St N, Blenheim, ON N0P 1A0, Canada",Diocese of London,diocese-of-london-canada,https://dol.ca,South Kent Catholic Family of Parishes,south-kent-catholic-family-of-parishes,Kent,kent-diocese-of-london-canada,Saturday 17:00; Sunday 11:00,Tuesday 08:00; Wednesday 08:00; Thursday 08:00; Friday 08:00,,Tuesday 08:30-09:00; Wednesday 08:30-09:00; Thursday 08:30-09:00; Friday 08:30-09:00,,,,,Blenheim,blenheim-ontario-canada,Ontario,ontario,Canada,canada,519-676-2025,stmary@dol.ca,,https://images.catholicparishes.org/canada/ontario/diocese_of_london/kent/stmary.webp,,,,,,11/29/2025
52,st-michael-ridgetown,St. Michael,https://southkentcatholicfamilyofparishes.ca,Parish,42.433934,-81.890041,"26 George St, Ridgetown, ON N0P 2C0, Canada",Diocese of London,diocese-of-london-canada,https://dol.ca,South Kent Catholic Family of Parishes,south-kent-catholic-family-of-parishes,Kent,kent-diocese-of-london-canada,Saturday 17:00; Sunday 11:00,Tuesday 08:30; Wednesday 08:30; Thursday 08:30; Friday 08:30,,Tuesday 08:00-08:30; Wednesday 08:00-08:30; Thursday 08:00-08:30; Friday 08:00-08:30,First Friday 09:00-12:00,,,,Ridgetown,ridgetown-ontario-canada,Ontario,ontario,Canada,canada,519-674-3343,stmichridge@dol.ca,,https://images.catholicparishes.org/canada/ontario/diocese_of_london/kent/stmichael.webp,,,,,,11/29/2025
53,st-anne-of-the-lakes-blenheim,St. Anne of the Lakes,https://southkentcatholicfamilyofparishes.ca,Catholic Church,42.261954,-81.934256,"17643 Erieau Rd, Blenheim, ON N0P 1A0, Canada",Diocese of London,diocese-of-london-canada,https://dol.ca,South Kent Catholic Family of Parishes,south-kent-catholic-family-of-parishes,Kent,kent-diocese-of-london-canada,,,,,,,,,Blenheim,blenheim-ontario-canada,Ontario,ontario,Canada,canada,,,,https://images.catholicparishes.org/canada/ontario/diocese_of_london/kent/stanneofthelakes.webp,,,,,"Summer months only, see website",11/29/2025
54,st-gabriel-rondeau,St. Gabriel,https://southkentcatholicfamilyofparishes.ca,Catholic Church,42.315682,-81.844143,"17845 Lakeshore Rd, Rondeau Park, ON N0P 1X0, Canada",Diocese of London,diocese-of-london-canada,https://dol.ca,South Kent Catholic Family of Parishes,south-kent-catholic-family-of-parishes,Kent,kent-diocese-of-london-canada,,,,,,,,,Rondeau,rondeau-ontario-canada,Ontario,ontario,Canada,canada,,,,,,,,,"Summer months only, see website",11/29/2025
55,st-michael-dresden,St. Michael,https://klrcfp.com,Parish,42.588481,-82.178244,"698 Tecumseh St, Dresden, ON N0P 1M0, Canada",Diocese of London,diocese-of-london-canada,https://dol.ca,Kent Lambton Roman Catholic Family of Parishes,kent-lambton-roman-catholic-family-of-parishes,Kent,kent-diocese-of-london-canada,Sunday 11:15,Thursday 08:30; Friday 19:00,,Thursday 09:15-09:45,,,,,Dresden,dresden-ontario-canada,Ontario,ontario,Canada,canada,519-627-2013,,,https://images.catholicparishes.org/canada/ontario/diocese_of_london/kent/stmichaeldresdon.webp,,,,,"Additional Thursday Masses also occur at local retirement homes, see Mass Times link for more details",11/29/2025
56,sacred-heart-port-lambton,Sacred Heart,https://klrcfp.com,Parish,42.657795,-82.503285,"464 John St, Port Lambton, ON N0P 2B0, Canada",Diocese of London,diocese-of-london-canada,https://dol.ca,Kent Lambton Roman Catholic Family of Parishes,kent-lambton-roman-catholic-family-of-parishes,Sarnia,sarnia-diocese-of-london-canada,Sunday 08:45,Tuesday 19:00,,Tuesday 18:30-19:00,,,,,Port Lambton,port-lambton-ontario-canada,Ontario,ontario,Canada,canada,519-627-2013,,,https://images.catholicparishes.org/canada/ontario/diocese_of_london/kent/sacredheart.webp,,,,,"Additional Thursday Masses also occur at local retirement homes, see Mass Times link for more details",11/29/2025
57,holy-family-wallaceburg,Holy Family,https://klrcfp.com,Parish,42.585274,-82.379597,"647 Murray St, Wallaceburg, ON N8A 1W1, Canada",Diocese of London,diocese-of-london-canada,https://dol.ca,Kent Lambton Roman Catholic Family of Parishes,kent-lambton-roman-catholic-family-of-parishes,Kent,kent-diocese-of-london-canada,Saturday 17:00; Sunday 08:30,Friday 09:15,,,First Friday 10:00-16:00,,,,Wallaceburg,wallaceburg-ontario-canada,Ontario,ontario,Canada,canada,519-627-2013,,,https://images.catholicparishes.org/canada/ontario/diocese_of_london/kent/holyfamily.webp,,,,,"Additional Thursday Masses also occur at local retirement homes, see Mass Times link for more details",11/29/2025
58,our-lady-help-of-christians-wallaceburg,Our Lady Help of Christians,https://klrcfp.com,Parish,42.596269,-82.385632,"422 Elgin St, Wallaceburg, ON N8A 3C1, Canada",Diocese of London,diocese-of-london-canada,https://dol.ca,Kent Lambton Roman Catholic Family of Parishes,kent-lambton-roman-catholic-family-of-parishes,Kent,kent-diocese-of-london-canada,Sunday 10:30; Sunday 12:30,Wednesday 19:00,,Saturday 11:00-12:00,Third Monday 12:00-12:00 Overnight Adoration; Wednesday 18:00-19:00,yes,,,Wallaceburg,wallaceburg-ontario-canada,Ontario,ontario,Canada,canada,519-627-2013,,,https://images.catholicparishes.org/canada/ontario/diocese_of_london/kent/ourladyhelpofchristians.webp,,,,,"Additional Thursday Masses also occur at local retirement homes, see Mass Times link for more details; 24 hour Adoration takes places on the Third Monday of each month. Starts Monday noon and goes until Tuesday noon",11/29/2025
59,our-lady-help-of-christians-watford,Our Lady Help of Christians,https://lambtoncatholic.ca,Parish,42.952457,-81.882316,"432 Victoria St, Watford, ON N0M 2S0, Canada",Diocese of London,diocese-of-london-canada,https://dol.ca,Lambton County Catholic Family of Parishes,lambton-county-catholic-family-of-parishes,Sarnia,sarnia-diocese-of-london-canada,Saturday 19:00; Sunday 09:00,Tuesday 19:00; Wednesday 09:00,,,Tuesday 18:00-18:45; Wednesday 08:00-08:45,,,,Watford,watford-ontario-canada,Ontario,ontario,Canada,canada,519-882-2057,dannett@dol.ca,,https://images.catholicparishes.org/canada/ontario/diocese_of_london/sarnia/ourladyofhelpchristians.webp,,,,,,11/30/2025
60,st-christopher-forest,St. Christopher,https://lambtoncatholic.ca,Parish,43.102275,-82.005435,"68 Union St, Forest, ON N0N 1J0, Canada",Diocese of London,diocese-of-london-canada,https://dol.ca,Lambton County Catholic Family of Parishes,lambton-county-catholic-family-of-parishes,Sarnia,sarnia-diocese-of-london-canada,Sunday 11:00,Thursday 19:00; Friday 09:00,,Saturday 15:30-16:00,Thursday 18:00-18:45; Friday 08:00-08:45,,,,Forest,forest-ontario-canada,Ontario,ontario,Canada,canada,519-882-2057,dannett@dol.ca,,https://images.catholicparishes.org/canada/ontario/diocese_of_london/sarnia/stchristopher.webp,,,,,,11/30/2025
61,st-philip-petrolia,St. Philip,https://lambtoncatholic.ca,Parish,42.881204,-82.149796,"415 King St, Petrolia, ON N0N 1R0, Canada",Diocese of London,diocese-of-london-canada,https://dol.ca,Lambton County Catholic Family of Parishes,lambton-county-catholic-family-of-parishes,Sarnia,sarnia-diocese-of-london-canada,Sunday 09:00,Wednesday 19:00; Thursday 09:30,,Saturday 16:00-16:00,Wednesday 18:00-18:45; Thursday 08:30-09:15,,,,Petrolia,petrolia-ontario-canada,Ontario,ontario,Canada,canada,519-882-2057,dannett@dol.ca,,https://images.catholicparishes.org/canada/ontario/diocese_of_london/sarnia/stphilip.webp,,,,,,11/30/2025
62,st-joseph-corunna,St. Joseph,https://lambtoncatholic.ca,Parish,42.891907,-82.453836,"346 Beresford St, Corunna, ON N0N 1G0, Canada",Diocese of London,diocese-of-london-canada,https://dol.ca,Lambton County Catholic Family of Parishes,lambton-county-catholic-family-of-parishes,Sarnia,sarnia-diocese-of-london-canada,Saturday 17:00; Sunday 11:00,Tuesday 19:00; Friday 09:30,,,Tuesday 18:00-18:45; Friday 08:30-09:15,,,,Corunna,corunna-ontario-canada,Ontario,ontario,Canada,canada,519-882-2057,dannett@dol.ca,,https://images.catholicparishes.org/canada/ontario/diocese_of_london/sarnia/stjoseph1.webp; https://images.catholicparishes.org/canada/ontario/diocese_of_london/sarnia/stjoseph2.webp,,,,,,11/30/2025
63,our-lady-of-mercy-sarnia,Our Lady of Mercy,https://sarniacatholic.ca,Parish,42.97902,-82.403308,"390 Christina St N, Sarnia, ON N7T 5V9, Canada",Diocese of London,diocese-of-london-canada,https://dol.ca,Sarnia Bluewater Roman Catholic Family of Parishes,sarnia-bluewater-roman-catholic-family-of-parishes,Sarnia,sarnia-diocese-of-london-canada,Saturday 16:00; Sunday 08:30,Monday 12:10; Tuesday 12:10; Wednesday 12:10; Thursday 12:10; Friday 12:10,,Saturday 11:00-12:00,First Friday 11:00-12:00; Monday 06:00-22:00; Tuesday 06:00-22:00; Wednesday 06:00-22:00; Thursday 06:00-22:00; Friday 06:00-22:00; Saturday 06:00-22:00; Sunday 06:00-22:00,,,Sunday 15:00 (Divine Mercy),Sarnia,sarnia-ontario-canada,Ontario,ontario,Canada,canada,519-336-2653 ,sbrcfp@dol.ca,,https://images.catholicparishes.org/canada/ontario/diocese_of_london/sarnia/ourladyofmercy.webp,,,,,"Perpetual Adoration takes places in Adoration Chapel, next to the Parish Hall",11/30/2025
64,queen-of-peace-sarnia,Queen of Peace,https://sarniacatholic.ca,Catholic Community,42.991292,-82.391565,"566 Rosedale Ave, Sarnia, ON N7V 1Z4, Canada",Diocese of London,diocese-of-london-canada,https://dol.ca,Sarnia Bluewater Roman Catholic Family of Parishes,sarnia-bluewater-roman-catholic-family-of-parishes,Sarnia,sarnia-diocese-of-london-canada,Saturday 17:00; Sunday 09:00 (Bilingual),Monday 08:00; Saturday 08:00,,Saturday 08:45-09:30,First Saturday 08:00,,,,Sarnia,sarnia-ontario-canada,Ontario,ontario,Canada,canada,519-336-2653 ,sbrcfp@dol.ca,Polish,https://images.catholicparishes.org/canada/ontario/diocese_of_london/sarnia/queenofpeace1.webp; https://images.catholicparishes.org/canada/ontario/diocese_of_london/sarnia/queenofpeace2.webp,,,,,,11/30/2025
65,sacred-heart-sarnia,Sacred Heart,https://sarniacatholic.ca,Parish,43.007895,-82.390047,"1465 Lecaron Ave, Sarnia, ON N7V 3J4, Canada",Diocese of London,diocese-of-london-canada,https://dol.ca,Sarnia Bluewater Roman Catholic Family of Parishes,sarnia-bluewater-roman-catholic-family-of-parishes,Sarnia,sarnia-diocese-of-london-canada,Sunday 09:00; Sunday 11:00,Tuesday 09:30; Thursday 18:30,,Thursday 17:45-18:15,,,,,Sarnia,sarnia-ontario-canada,Ontario,ontario,Canada,canada,519-336-2653 ,sbrcfp@dol.ca,,https://images.catholicparishes.org/canada/ontario/diocese_of_london/sarnia/sacredheart1.webp; https://images.catholicparishes.org/canada/ontario/diocese_of_london/sarnia/sacredheart2.webp,,,,,Confession available before weekday Mass and by appointment,11/30/2025
66,st-benedict-sarnia,St. Benedict,https://sarniacatholic.ca,Parish,42.970186,-82.371551,"1011 Oak Ave, Sarnia, ON N7S 1J4, Canada",Diocese of London,diocese-of-london-canada,https://dol.ca,Sarnia Bluewater Roman Catholic Family of Parishes,sarnia-bluewater-roman-catholic-family-of-parishes,Sarnia,sarnia-diocese-of-london-canada,Sunday 09:00; 18:30,Tuesday 18:30; Thursday 09:30,,Tuesday 17:45-18:15,,,,,Sarnia,sarnia-ontario-canada,Ontario,ontario,Canada,canada,519-336-2653 ,sbrcfp@dol.ca,,https://images.catholicparishes.org/canada/ontario/diocese_of_london/sarnia/stbenedict.webp,,,,,Confession available before weekday Mass and by appointment,11/30/2025
67,st-joseph-sarnia,St. Joseph,https://sarniacatholic.ca,Catholic Church,42.96416,-82.400444,"293 Stuart St, Sarnia, ON N7T 3B9, Canada",Diocese of London,diocese-of-london-canada,https://dol.ca,Sarnia Bluewater Roman Catholic Family of Parishes,sarnia-bluewater-roman-catholic-family-of-parishes,Sarnia,sarnia-diocese-of-london-canada,Sunday 11:00,Wednesday 09:30; Second Friday 19:00 (Latin),yes,,Wednesday 10:00,,,,Sarnia,sarnia-ontario-canada,Ontario,ontario,Canada,canada,519-336-2653 ,sbrcfp@dol.ca,,https://images.catholicparishes.org/canada/ontario/diocese_of_london/sarnia/stjosephsarnia1.webp; https://images.catholicparishes.org/canada/ontario/diocese_of_london/sarnia/stjosephsarnia2.webp,,,,,Confession available before weekday Mass and by appointment,11/30/2025
68,st-michael-brights-grove,St. Michael,https://sarniacatholic.ca,Parish,43.027228,-82.262476,"1920 Wildwood Dr, Brights Grove, ON N0N 1C0",Diocese of London,diocese-of-london-canada,https://dol.ca,Sarnia Bluewater Roman Catholic Family of Parishes,sarnia-bluewater-roman-catholic-family-of-parishes,Sarnia,sarnia-diocese-of-london-canada,Sunday 10:30,Monday 18:30; Wednesday 08:30,,,,,,,Brights Grove,brights-grove-ontario-canada,Ontario,ontario,Canada,canada,519-336-2653 ,sbrcfp@dol.ca,,https://images.catholicparishes.org/canada/ontario/diocese_of_london/sarnia/stmichael.webp,,,,,Confession available before weekday Mass and by appointment,11/30/2025
69,st-thomas-d-aquin-sarnia,St. Thomas d'Aquin,https://sarniacatholic.ca,Parish,42.998136,-82.376695,"895 Champlain Rd, Sarnia, ON N7V 2E9",Diocese of London,diocese-of-london-canada,https://dol.ca,Sarnia Bluewater Roman Catholic Family of Parishes,sarnia-bluewater-roman-catholic-family-of-parishes,Sarnia,sarnia-diocese-of-london-canada,Saturday 16:30; Sunday 11:00 (French); Sunday 17:00 (Spanish),Friday 08:30,,Friday 09:00-09:30,Friday 09:00,,,,Sarnia,sarnia-ontario-canada,Ontario,ontario,Canada,canada,519-336-2653 ,sbrcfp@dol.ca,French; Spanish,https://images.catholicparishes.org/canada/ontario/diocese_of_london/sarnia/stthomasdaquin.webp,,,,,Confession available before weekday Mass and by appointment,11/30/2025
70,sacred-heart-strathroy,Sacred Heart,https://westmiddlesexcatholic.dol.ca,Parish,42.960451,-81.619878,"124 Front St E, Strathroy, ON N7G 1Y9, Canada",Diocese of London,diocese-of-london-canada,https://dol.ca,West Middlesex Catholic Family of Parishes,west-middlesex-catholic-family-of-parishes,Huron-Perth,huronperth-diocese-of-london-canada,Saturday 17:00; Sunday 10:00,Tuesday 18:30; Thursday 09:00,,Tuesday 17:30-18:15,,,,,Strathroy,strathroy-ontario-canada,Ontario,ontario,Canada,canada,519-245-0644,allsaints@dol.ca,,,,,,,,11/30/2025
71,all-saints-parkhill,All Saints,https://westmiddlesexcatholic.dol.ca,Parish,43.158717,-81.68792,"159 Ann St, Parkhill, ON N0M 2K0, Canada",Diocese of London,diocese-of-london-canada,https://dol.ca,West Middlesex Catholic Family of Parishes,west-middlesex-catholic-family-of-parishes,London,london-diocese-of-london-canada,Saturday 17:00; Sunday 08:00; Sunday 11:00,Tuesday 18:30; Wednesday 18:30 (Portuguese); Thursday 09:00; Friday 09:00,,Saturday 16:00-16:45,Friday 09:30-12:00,,,,Parkhill,parkhill-ontario-canada,Ontario,ontario,Canada,canada,519-245-0644,allsaints@dol.ca,Portuguese,,,,,,,11/30/2025
72,st-charles-garnier-glencoe,St. Charles Garnier,https://westmiddlesexcatholic.dol.ca,Parish,42.75508,-81.704936,"244 Stella Ave, Glencoe, ON N0L 1M0, Canada",Diocese of London,diocese-of-london-canada,https://dol.ca,West Middlesex Catholic Family of Parishes,west-middlesex-catholic-family-of-parishes,London,london-diocese-of-london-canada,Sunday 09:00,Wednesday 18:30,,Wednesday 17:00-18:15,,,,,Glencoe,glencoe-ontario-canada,Ontario,ontario,Canada,canada,519-245-0644,allsaints@dol.ca,,https://images.catholicparishes.org/canada/ontario/diocese_of_london/london/stcharles.webp,,,,,,11/30/2025
73,holy-angels-st-thomas,Holy Angels,https://elginrcparishes.ca,Parish,42.778551,-81.19404,"502 Talbot St, St Thomas, ON N5P 1C2, Canada",Diocese of London,diocese-of-london-canada,https://dol.ca,Elgin Roman Catholic Family of Parishes,elgin-roman-catholic-family-of-parishes,London,london-diocese-of-london-canada,Sunday 09:00; Sunday 12:30 (Latin),Monday 08:00; Wednesday 12:00; Friday 12:00; Second Saturday 08:00; Fourth Saturday 08:00; Fifth Saturday 08:00,yes,Monday 07:30-08:00; Friday 11:30-12:00,,,,,St Thomas,st-thomas-ontario-canada,Ontario,ontario,Canada,canada,(519) 631-3640,pkeller@dol.ca,,https://images.catholicparishes.org/canada/ontario/diocese_of_london/london/holyangels.webp,,,,,,11/30/2025
74,our-lady-of-sorrows-aylmer,Our Lady of Sorrows,https://elginrcparishes.ca,Parish,42.77151002,-80.98348492,"116 John St S, Aylmer, ON N5H 2C4, Canada",Diocese of London,diocese-of-london-canada,https://dol.ca,Elgin Roman Catholic Family of Parishes,elgin-roman-catholic-family-of-parishes,London,london-diocese-of-london-canada,Sunday 09:30,Tuesday 10:00,,Tuesday 09:30-10:00,First Saturday 08:30,,,,Aylmer,aylmer-ontario-canada,Ontario,ontario,Canada,canada,(519) 631-3640,pkeller@dol.ca,,https://images.catholicparishes.org/canada/ontario/diocese_of_london/london/ourladyofsorrows.webp,,,,,,11/30/2025
75,st-anne-st-thomas,St. Anne,https://elginrcparishes.ca,Parish,42.7661808,-81.1720006,"20 Morrison Dr, St Thomas, ON N5R 4S6, Canada",Diocese of London,diocese-of-london-canada,https://dol.ca,Elgin Roman Catholic Family of Parishes,elgin-roman-catholic-family-of-parishes,London,london-diocese-of-london-canada,Saturday 16:30; Sunday 11:00,Tuesday 08:00; Wednesday 08:00; Thursday 09:15; Friday 08:00,,Tuesday 18:00-19:00,Tuesday 18:00-19:00,,,,St Thomas,st-thomas-ontario-canada,Ontario,ontario,Canada,canada,(519) 631-3640,pkeller@dol.ca,,https://images.catholicparishes.org/canada/ontario/diocese_of_london/london/stanne1.webp; https://images.catholicparishes.org/canada/ontario/diocese_of_london/london/stanne2.webp,,,,,,11/30/2025
76,st-mary-west-lorne,St. Mary,https://elginrcparishes.ca,Parish,42.6054658,-81.6032267,"128 Main St, West Lorne, ON N0L 2P0, Canada",Diocese of London,diocese-of-london-canada,https://dol.ca,Elgin Roman Catholic Family of Parishes,elgin-roman-catholic-family-of-parishes,London,london-diocese-of-london-canada,Sunday 10:00,Thursday 10:00; Third Saturday 09:00,,Thursday 09:00-10:00; Third Saturday 09:00-10:30,Thursday 09:00-10:00,,,,West Lorne,west-lorne-ontario-canada,Ontario,ontario,Canada,canada,(519) 631-3640,pkeller@dol.ca,,https://images.catholicparishes.org/canada/ontario/diocese_of_london/london/stmary.webp,,,,,,11/30/2025
77,st-helen-wallacetown,St. Helen,https://elginrcparishes.ca,Parish,42.6323051,-81.4680809,"29533 Talbot Line, Wallacetown, ON N0L 2M0, Canada",Diocese of London,diocese-of-london-canada,https://dol.ca,Elgin Roman Catholic Family of Parishes,elgin-roman-catholic-family-of-parishes,London,london-diocese-of-london-canada,Sunday 08:30,,,,,,,,Wallacetown,wallacetown-ontario-canada,Ontario,ontario,Canada,canada,(519) 631-3640,pkeller@dol.ca,,https://images.catholicparishes.org/canada/ontario/diocese_of_london/london/sthelen.webp,,,,,,11/30/2025
78,st-patrick-lucan,St. Patrick,https://wearelighthouse.ca,Parish,43.1746063,-81.370427,"32922 Richmond St, Lucan, ON N0M 2J0, Canada",Diocese of London,diocese-of-london-canada,https://dol.ca,Lucan Northwest London Catholic Family of Parishes,lucan-northwest-london-catholic-family-of-parishes,London,london-diocese-of-london-canada,Saturday 17:00; Sunday 09:00; Sunday 11:00,Tuesday 19:00; Wednesday 09:00; Thursday 09:15; Friday 09:00,,Saturday 11:00-12:00,,,,,Lucan,lucan-ontario-canada,Ontario,ontario,Canada,canada,(519) 227-4726,stpatlucan@dol.ca,,https://images.catholicparishes.org/canada/ontario/diocese_of_london/london/stpatrick.webp,,,,,,11/30/2025
79,holy-family-london,Holy Family,https://wearelighthouse.ca,Parish,42.9756258,-81.3024437,"777 Valetta St, London, ON N6H 2Y9, Canada",Diocese of London,diocese-of-london-canada,https://dol.ca,Lucan Northwest London Catholic Family of Parishes,lucan-northwest-london-catholic-family-of-parishes,London,london-diocese-of-london-canada,Saturday 17:00; Sunday 08:30; Sunday 11:00; Sunday 14:00,Tuesday 18:30; Wednesday 10:00; Thursday 10:00; Friday 10:00,,Saturday 11:00-12:00,,,,,London,london-ontario-canada,Ontario,ontario,Canada,canada,(519) 472-0057,hfparish@dol.ca,,https://images.catholicparishes.org/canada/ontario/diocese_of_london/london/holyfamily1.webp; https://images.catholicparishes.org/canada/ontario/diocese_of_london/london/holyfamily2.webp,,,,,"The Church is open Wednesday, Thursday, and Friday mornings at 9:00am for personal prayer before the 10:00am Mass. Tuesday evenings the church opens at 6:00pm for prayer ahead of the 6:30pm Mass.;Every Wednesday, the church stays open for Holy Grounds Café, which runs after the 10:00am Mass until 12:00pm. At any other time of the week during business hours: 9:00am-12:00pm and 1:00pm-4:30pm, just ring the doorbell and the church will be opened for you.;On Fridays, the church stays open for Eucharistic Adoration until 4:00pm (8:00pm during Lent, which includes 7:00pm Stations of the Cross)",11/30/2025
80,st-george-london,St. George,https://www.springbankcatholic.ca,Parish,42.957592,-81.32682,"1164 Commissioners Rd W, London, ON N6K 4J2, Canada",Diocese of London,diocese-of-london-canada,https://dol.ca,Springbank Catholic Family of Parishes,springbank-catholic-family-of-parishes,London,london-diocese-of-london-canada,Saturday 17:00; Sunday 09:00; Sunday 11:00,Tuesday 18:30; Friday 09:30,,Tuesday 19:00-20:00,Tuesday 19:00-20:00,,,,London,london-ontario-canada,Ontario,ontario,Canada,canada,519-471-4220,springbankcatholic@dol.ca,,https://images.catholicparishes.org/canada/ontario/diocese_of_london/london/stgeorge.webp,,,,,,11/30/2025
81,st-john-the-divine-london,St. John the Divine,https://www.springbankcatholic.ca,Parish,42.962527,-81.278695,"390 Base Line Rd W, London, ON N6J 1W1, Canada",Diocese of London,diocese-of-london-canada,https://dol.ca,Springbank Catholic Family of Parishes,springbank-catholic-family-of-parishes,London,london-diocese-of-london-canada,Saturday 17:00; Sunday 10:00,Wednesday 09:00; Thursday 09:00,,Thursday 09:30-10:30,Thursday 09:30-10:30,,,,London,london-ontario-canada,Ontario,ontario,Canada,canada,519-471-4220,springbankcatholic@dol.ca,,https://images.catholicparishes.org/canada/ontario/diocese_of_london/london/stjohnthedivine.webp,,,,,,11/30/2025
82,our-lady-of-czestochowa-london,Our Lady of Czestochowa,https://familyofparishes.ca/index.php,Parish,42.97802,-81.234219,"419 Hill St, London, ON N6B 1E5, Canada",Diocese of London,diocese-of-london-canada,https://dol.ca,London East Central Catholic Family of Parishes,london-east-central-catholic-family-of-parishes,London,london-diocese-of-london-canada,Saturday 17:00 (Polish); Sunday 08:00; Sunday 10:00 (Polish); Sunday 12:00 (Polish),Tuesday 19:00 (Polish); Thursday 19:00 (Polish); Friday 19:00 (Polish); First Saturday 09:00 (Polish),,Tuesday 18:00-19:00; Thursday 18:00-19:00; Friday 18:00-19:00; Saturday 16:00-17:00,,,,,London,london-ontario-canada,Ontario,ontario,Canada,canada,519-672-0088,olc@dol.ca,Polish,https://images.catholicparishes.org/canada/ontario/diocese_of_london/london/ourladyofczestochowa.webp; https://images.catholicparishes.org/canada/ontario/diocese_of_london/london/ourladyofczestochowa2.webp,,,,,,11/30/2025
83,st-mary-london,St. Mary,https://familyofparishes.ca/index.php,Parish,42.987187,-81.228147,"345 Lyle St, London, ON N5W 3R3, Canada",Diocese of London,diocese-of-london-canada,https://dol.ca,London East Central Catholic Family of Parishes,london-east-central-catholic-family-of-parishes,London,london-diocese-of-london-canada,Saturday 17:00; Sunday 10:00 (Italian); Sunday 12:00,Monday 19:00; Wednesday 19:00 (Italian); Friday 19:00 (Italian),,Monday 18:30-19:00; Wednesday 18:30-19:00; Friday 18:30-19:00; Saturday 16:00-17:00,Monday 09:00-18:00; Tuesday 09:00-18:00; Wednesday 09:00-18:00; Thursday 09:00-18:00; Friday 09:00-18:00,,,,London,london-ontario-canada,Ontario,ontario,Canada,canada,519-434-9121,stmarylondon@dol.ca,Italian,https://images.catholicparishes.org/canada/ontario/diocese_of_london/london/stmarylondon.webp,,,,,,11/30/2025
84,st-patrick-london,St. Patrick,https://familyofparishes.ca/index.php,Parish,42.995722,-81.206764,"377 Oakland Ave, London, ON N5W 5R4, Canada",Diocese of London,diocese-of-london-canada,https://dol.ca,London East Central Catholic Family of Parishes,london-east-central-catholic-family-of-parishes,London,london-diocese-of-london-canada,Saturday 17:00; Sunday 10:00,Tuesday 19:00; Wednesday 09:00; Thursday 09:00,,Tuesday 18:00-19:00; Saturday 16:00-17:00,,,,,London,london-ontario-canada,Ontario,ontario,Canada,canada,519-451-4600,stpatrick@dol.ca,,https://images.catholicparishes.org/canada/ontario/diocese_of_london/london/stpatrick1.webp; https://images.catholicparishes.org/canada/ontario/diocese_of_london/london/stpatrick2.webp,,,st-stephen-of-hungary-london,St. Stephen of Hungary,,11/30/2025
85,st-stephen-of-hungary-london,St. Stephen of Hungary,https://familyofparishes.ca/index.php,Catholic Community,42.995443,-81.2067,"377 Oakland Ave, London, ON N5W 5R4, Canada",Diocese of London,diocese-of-london-canada,https://dol.ca,London East Central Catholic Family of Parishes,london-east-central-catholic-family-of-parishes,London,london-diocese-of-london-canada,,,,,,,,,London,london-ontario-canada,Ontario,ontario,Canada,canada,519-451-4600,stpatrick@dol.ca,,https://images.catholicparishes.org/canada/ontario/diocese_of_london/london/stpatrick1.webp; https://images.catholicparishes.org/canada/ontario/diocese_of_london/london/stpatrick2.webp,,,st-patrick-london,St. Patrick,,11/30/2025
86,st-francis-st-martin-of-tours-london,St. Francis - St. Martin of Tours,https://francismartin.dol.ca,Parish,42.969809,-81.254062,"46 Cathcart St, London, ON N6C 3L7, Canada",Diocese of London,diocese-of-london-canada,https://dol.ca,London South Catholic Family of Parishes,london-south-catholic-family-of-parishes,London,london-diocese-of-london-canada,Saturday 18:30 (Spanish); Sunday 09:00; Sunday 11:30 (Spanish),Tuesday 08:00; Wednesday 18:00 (Spanish); Thursday 18:00 (Spanish); Friday 18:00 (Spanish),,Wednesday 17:30-18:00; Friday 17:30-18:00,Thursday 17:00-18:00,,,,London,london-ontario-canada,Ontario,ontario,Canada,canada,(519) 433-8175,,Spanish,https://images.catholicparishes.org/canada/ontario/diocese_of_london/london/stfrancisstmartin.webp,,,,,,11/30/2025
87,st-justin-london,St. Justin,https://francismartin.dol.ca,Parish,42.940862,-81.237904,"855 Jalna Blvd, London, ON N6E 2S2, Canada",Diocese of London,diocese-of-london-canada,https://dol.ca,London South Catholic Family of Parishes,london-south-catholic-family-of-parishes,London,london-diocese-of-london-canada,Saturday 16:30; Sunday 08:30; Sunday 11:00; Sunday 16:00,Tuesday 18:30; Wednesday 18:30; Thursday 12:00; Friday 08:00,,Wednesday 18:00-18:30; Saturday 11:00,Friday 08:30-09:30,,,,London,london-ontario-canada,Ontario,ontario,Canada,canada,(519) 685-2795,,,https://images.catholicparishes.org/canada/ontario/diocese_of_london/london/stjustin.webp,,,,,,11/30/2025
88,st-leopold-mandic-london,St. Leopold Mandic,https://francismartin.dol.ca,Parish,42.902,-81.2007,"2889 Westminster Dr, London, ON N6N 1L7, Canada",Diocese of London,diocese-of-london-canada,https://dol.ca,London South Catholic Family of Parishes,london-south-catholic-family-of-parishes,London,london-diocese-of-london-canada,Sunday 11:00 (Croatian),Thursday 18:00 (Croatian); Friday 18:00 (Croatian),,Thursday 17:30-18:00; Friday 17:30-18:00,Thursday 18:30,,,,London,london-ontario-canada,Ontario,ontario,Canada,canada,(519) 681-8472,,Croatian,https://images.catholicparishes.org/canada/ontario/diocese_of_london/london/stleopoid.webp,,,,,,11/30/2025
89,st-andrew-the-apostle-london,St. Andrew the Apostle,https://fanshawe-thames.dol.ca,Parish,43.024016,-81.202596,"1 Fallons Ln, London, ON N5V 5C1, Canada",Diocese of London,diocese-of-london-canada,https://dol.ca,Fanshawe Thames Catholic Family of Parishes,fanshawe-thames-catholic-family-of-parishes,London,london-diocese-of-london-canada,Saturday 17:00; Sunday 11:00,Monday 08:00; Tuesday 08:00; Wednesday 08:00; Thursday 08:00; Saturday 08:00,,Saturday 08:30-09:30,Saturday 08:30-09:30; Saturday 16:00-16:45,,,,London,london-ontario-canada,Ontario,ontario,Canada,canada,519 455-8624 ,standrew@dol.ca ,,https://images.catholicparishes.org/canada/ontario/diocese_of_london/london/standrewtheapostle.webp,,,ste-marguerite-d-youville-london; our-lady-of-the-holy-rosary-london,Ste-Marguerite-d'Youville; Our Lady of the Holy Rosary,,11/30/2025
90,holy-cross-santa-cruz-london,Holy Cross Santa Cruz,https://fanshawe-thames.dol.ca,Parish,42.979817,-81.20737,"10 Elm St, London, ON N5Z 2K2, Canada",Diocese of London,diocese-of-london-canada,https://dol.ca,Fanshawe Thames Catholic Family of Parishes,fanshawe-thames-catholic-family-of-parishes,London,london-diocese-of-london-canada,Saturday 17:00 (Portuguese); Sunday 09:00 (Portuguese); Sunday 11:00,Wednesday 18:30 (Portuguese); Thursday 09:00; Friday 09:00 (Portuguese),,Wednesday 18:00-18:30; Thursday 08:30-09:00; Friday 09:30-10:30; Saturday 16:00-16:45; Sunday 08:30-09:00; Sunday 10:30-11:00,Friday 09:30-10:30,,,,London,london-ontario-canada,Ontario,ontario,Canada,canada,519 455-4740,holycross@dol.ca,Portuguese,https://images.catholicparishes.org/canada/ontario/diocese_of_london/london/holycrosssantacruz.webp,,,,,,11/30/2025
91,mary-immaculate-london,Mary Immaculate,https://fanshawe-thames.dol.ca,Parish,42.993693,-81.166477,"1980 Trafalgar St, London, ON N5V 1A2, Canada",Diocese of London,diocese-of-london-canada,https://dol.ca,Fanshawe Thames Catholic Family of Parishes,fanshawe-thames-catholic-family-of-parishes,London,london-diocese-of-london-canada,Saturday 17:00; Sunday 09:00; Sunday 13:00,Tuesday 18:30; Wednesday 18:30; Friday 08:00,,Friday 08:30-09:30; Saturday 16:00-16:45,Friday 08:30-09:30,,,,London,london-ontario-canada,Ontario,ontario,Canada,canada,519 455-3217,maryimmaculate@dol.ca,,https://images.catholicparishes.org/canada/ontario/diocese_of_london/london/maryimmaculate1.webp; https://images.catholicparishes.org/canada/ontario/diocese_of_london/london/maryimmaculate2.webp,,,our-lady-of-siluva-london,Our Lady of Šiluva,,11/30/2025
92,ste-marguerite-d-youville-london,Ste-Marguerite-d'Youville,https://fanshawe-thames.dol.ca,Catholic Community,43.024518,-81.202365,"1 Fallons Ln, London, ON N5V 5C1, Canada",Diocese of London,diocese-of-london-canada,https://dol.ca,Fanshawe Thames Catholic Family of Parishes,fanshawe-thames-catholic-family-of-parishes,London,london-diocese-of-london-canada,Sunday 12:30 (French),,,,,,,,London,london-ontario-canada,Ontario,ontario,Canada,canada,226-919-6407,,French,https://images.catholicparishes.org/canada/ontario/diocese_of_london/london/standrewtheapostle.webp,,,st-andrew-the-apostle-london; our-lady-of-the-holy-rosary-london,St. Andrew the Apostle; Our Lady of the Holy Rosary,,11/30/2025
93,our-lady-of-the-holy-rosary-london,Our Lady of the Holy Rosary,https://fanshawe-thames.dol.ca,Catholic Community,43.024455,-81.202971,"1 Fallons Ln, London, ON N5V 5C1, Canada",Diocese of London,diocese-of-london-canada,https://dol.ca,Fanshawe Thames Catholic Family of Parishes,fanshawe-thames-catholic-family-of-parishes,London,london-diocese-of-london-canada,Sunday 15:00 (Vietnamese),,,,,,,,London,london-ontario-canada,Ontario,ontario,Canada,canada,,,Vietnamese,https://images.catholicparishes.org/canada/ontario/diocese_of_london/london/standrewtheapostle.webp,,,st-andrew-the-apostle-london; ste-marguerite-d-youville-london,St. Andrew the Apostle; Ste-Marguerite-d'Youville,,11/30/2025
94,our-lady-of-siluva-london,Our Lady of Šiluva,https://fanshawe-thames.dol.ca,Catholic Community,42.994278,-81.166198,"1980 Trafalgar St, London, ON N5V 1A2, Canada",Diocese of London,diocese-of-london-canada,https://dol.ca,Fanshawe Thames Catholic Family of Parishes,fanshawe-thames-catholic-family-of-parishes,London,london-diocese-of-london-canada,First Sunday 11:00 (Lithuanian),,,,,,,,London,london-ontario-canada,Ontario,ontario,Canada,canada,905-277-4320,,Lithuanian,https://images.catholicparishes.org/canada/ontario/diocese_of_london/london/maryimmaculate1.webp; https://images.catholicparishes.org/canada/ontario/diocese_of_london/london/maryimmaculate2.webp,,,mary-immaculate-london,Mary Immaculate,,11/30/2025
95,st-andrew-kim-london,St. Andrew Kim,https://fanshawe-thames.dol.ca,Catholic Community,42.998001,-81.172013,"258 Clarke Rd, London, ON N5W 5E8, Canada",Diocese of London,diocese-of-london-canada,https://dol.ca,Fanshawe Thames Catholic Family of Parishes,fanshawe-thames-catholic-family-of-parishes,London,london-diocese-of-london-canada,Saturday 17:00; Sunday 11:00,Tuesday 19:00; Wednesday 10:00; Thursday 19:00; Friday 10:00,,,First Thursday 19:30,,,,London,london-ontario-canada,Ontario,ontario,Canada,canada,226-663-8688,Koreanmission@ymail.com,Korean,https://images.catholicparishes.org/canada/ontario/diocese_of_london/london/standrewkim.webp,,,,,Confession 30 minutes before Mass By Appointment,11/30/2025
96,the-chapel-at-windermere-on-the-mount-london,"""The Chapel"" at Windermere on the Mount",https://www.kings.uwo.ca/campus-ministry/university-parish/,Parish,43.016313,-81.269265,"1486 Richmond St, London, ON N6G 2M3, Canada",Diocese of London,diocese-of-london-canada,https://dol.ca,King's College,kings-college,London,london-diocese-of-london-canada,Sunday 10:00; Sunday 17:00,Tuesday 19:00,,Tuesday 18:30-19:00,,,,,London,london-ontario-canada,Ontario,ontario,Canada,canada,519-433-3491,campusministry@kings.uwo.ca,,,,,,,Sunday 17:00 Mass only takes place when classes are in session (during the academic year); You can also Contact Father Chris Gillespie to make an appointment for confession at chris.gillespie@kings.uwo.ca,11/30/2025
97,christ-the-king-chapel-london,Christ the King Chapel,https://www.kings.uwo.ca/campus-ministry/university-parish/,Catholic Church,43.012548,-81.256642,"Wemble Building, 266 Epworth Ave, London, ON N6A 2M3, Canada",Diocese of London,diocese-of-london-canada,https://dol.ca,King's College,kings-college,London,london-diocese-of-london-canada,,Thursday 12:00; Friday 12:00,,,,,,,London,london-ontario-canada,Ontario,ontario,Canada,canada,519-433-3491,campusministry@kings.uwo.ca,,,,,,,Thursday and Friday Mass only take place during the academic year.,11/30/2025
98,our-lady-of-mount-carmel-mount-carmel,Our Lady of Mount Carmel,https://lakehuroncatholic.ca,Parish,43.255065,-81.616901,"69219 Bronson Line, Parkhill, ON N0M 1N0, Canada",Diocese of London,diocese-of-london-canada,https://dol.ca,Lake Huron Catholic Family of Parishes,lake-huron-catholic-family-of-parishes,Huron-Perth,huronperth-diocese-of-london-canada,Sunday 11:15,,,,,,,,Mount Carmel,mount-carmel-ontario-canada,Ontario,ontario,Canada,canada,1-877-450-6414,LakeHuronCatholic@dol.ca,,https://images.catholicparishes.org/canada/ontario/diocese_of_london/huronperth/ourladyofmountcarmel.webp,,,,,"For Daily Mass times, confession times, and adoration times, please refer to the website as they change on a weekly basis. To see the Daily Mass schedule for the week, go to the website's home page, and click ""Daily Mass Times and Intentions"" under the ""Welcome to our Family of Parishes"" heading. For confession and adoration times, click ""Confession & Adoration"" under the same heading.",12/2/2025
99,st-boniface-zurich,St. Boniface,https://lakehuroncatholic.ca,Parish,43.423884,-81.627935,"22 Mary St, Zurich, ON N0M 2T0, Canada",Diocese of London,diocese-of-london-canada,https://dol.ca,Lake Huron Catholic Family of Parishes,lake-huron-catholic-family-of-parishes,Huron-Perth,huronperth-diocese-of-london-canada,Saturday 17:00; Sunday 08:30,,,,,,,,Zurich,zurich-ontario-canada,Ontario,ontario,Canada,canada,1-877-450-6414,LakeHuronCatholic@dol.ca,,https://images.catholicparishes.org/canada/ontario/diocese_of_london/huronperth/stboniface.webp,,,,,"For Daily Mass times, confession times, and adoration times, please refer to the website as they change on a weekly basis. To see the Daily Mass schedule for the week, go to the website's home page, and click ""Daily Mass Times and Intentions"" under the ""Welcome to our Family of Parishes"" heading. For confession and adoration times, click ""Confession & Adoration"" under the same heading.",12/2/2025
100,st-peter-st-joseph,St. Peter,https://lakehuroncatholic.ca,Parish,43.436783,-81.702549,"73334 Bluewater Hwy, Zurich, ON N0M 2T0, Canada",Diocese of London,diocese-of-london-canada,https://dol.ca,Lake Huron Catholic Family of Parishes,lake-huron-catholic-family-of-parishes,Huron-Perth,huronperth-diocese-of-london-canada,Sunday 11:30,,,,,,,,St Joseph,st-joseph-ontario-canada,Ontario,ontario,Canada,canada,1-877-450-6414,LakeHuronCatholic@dol.ca,,https://images.catholicparishes.org/canada/ontario/diocese_of_london/huronperth/stpeterstjoseph.webp,,,,,"For Daily Mass times, confession times, and adoration times, please refer to the website as they change on a weekly basis. To see the Daily Mass schedule for the week, go to the website's home page, and click ""Daily Mass Times and Intentions"" under the ""Welcome to our Family of Parishes"" heading. For confession and adoration times, click ""Confession & Adoration"" under the same heading.",12/2/2025
101,precious-blood-exeter,Precious Blood,https://lakehuroncatholic.ca,Parish,43.3475,-81.487945,"200 Sanders St W, Exeter, ON N0M 1S2, Canada",Diocese of London,diocese-of-london-canada,https://dol.ca,Lake Huron Catholic Family of Parishes,lake-huron-catholic-family-of-parishes,Huron-Perth,huronperth-diocese-of-london-canada,Saturday 17:00; Sunday 11:00,,,,,,,,Exeter,exeter-ontario-canada,Ontario,ontario,Canada,canada,1-877-450-6414,LakeHuronCatholic@dol.ca,,https://images.catholicparishes.org/canada/ontario/diocese_of_london/huronperth/preciousblood1.webp; https://images.catholicparishes.org/canada/ontario/diocese_of_london/huronperth/preciousblood2.webp,,,,,"For Daily Mass times, confession times, and adoration times, please refer to the website as they change on a weekly basis. To see the Daily Mass schedule for the week, go to the website's home page, and click ""Daily Mass Times and Intentions"" under the ""Welcome to our Family of Parishes"" heading. For confession and adoration times, click ""Confession & Adoration"" under the same heading.",12/2/2025
102,st-peter-goderich,St. Peter,https://lakehuroncatholic.ca,Parish,43.74825,-81.710644,"156 North St, Goderich, ON N7A 2V3, Canada",Diocese of London,diocese-of-london-canada,https://dol.ca,Lake Huron Catholic Family of Parishes,lake-huron-catholic-family-of-parishes,Huron-Perth,huronperth-diocese-of-london-canada,Saturday 17:00; Sunday 09:00,,,,,,,,Goderich,goderich-ontario-canada,Ontario,ontario,Canada,canada,1-877-450-6414,LakeHuronCatholic@dol.ca,,https://images.catholicparishes.org/canada/ontario/diocese_of_london/huronperth/stpetergoderich1.webp; https://images.catholicparishes.org/canada/ontario/diocese_of_london/huronperth/stpetergoderich2.webp,,,,,"For Daily Mass times, confession times, and adoration times, please refer to the website as they change on a weekly basis. To see the Daily Mass schedule for the week, go to the website's home page, and click ""Daily Mass Times and Intentions"" under the ""Welcome to our Family of Parishes"" heading. For confession and adoration times, click ""Confession & Adoration"" under the same heading.",12/2/2025
103,immaculate-heart-of-mary-grand-bend,Immaculate Heart of Mary,https://lakehuroncatholic.ca,Parish,43.300907,-81.767056,"337 Ontario St S, Grand Bend, ON N0M 1T0, Canada",Diocese of London,diocese-of-london-canada,https://dol.ca,Lake Huron Catholic Family of Parishes,lake-huron-catholic-family-of-parishes,Huron-Perth,huronperth-diocese-of-london-canada,Sunday 09:00,,,,,,,,Grand Bend,grand-bend-ontario-canada,Ontario,ontario,Canada,canada,1-877-450-6414,LakeHuronCatholic@dol.ca,,https://images.catholicparishes.org/canada/ontario/diocese_of_london/huronperth/immaculateheartofmary.webp,,,,,"For Daily Mass times, confession times, and adoration times, please refer to the website as they change on a weekly basis. To see the Daily Mass schedule for the week, go to the website's home page, and click ""Daily Mass Times and Intentions"" under the ""Welcome to our Family of Parishes"" heading. For confession and adoration times, click ""Confession & Adoration"" under the same heading.",12/2/2025
104,st-patrick-dublin,St. Patrick,https://phccatholic.com,Parish,43.500721,-81.288807,"3931 Perth Rd 180, Dublin, ON N0K 1E0, Canada",Diocese of London,diocese-of-london-canada,https://dol.ca,Perth Huron Crossroads Catholic Family of Parishes,perth-huron-crossroads-catholic-family-of-parishes,Huron-Perth,huronperth-diocese-of-london-canada,Sunday 11:00,Thursday 09:15,,,,,,,Dublin,dublin-ontario-canada,Ontario,ontario,Canada,canada,519-345-2972,phccatholic@dol.ca,,https://images.catholicparishes.org/canada/ontario/diocese_of_london/huronperth/stpatrickdublin.webp,,,,,"Mass Times are subject to change, check the weekly bulletin.",12/2/2025
105,st-james-seaforth,St. James,https://phccatholic.com,Parish,43.552362,-81.392196,"22 Victoria St, Seaforth, ON N0K 1W0, Canada",Diocese of London,diocese-of-london-canada,https://dol.ca,Perth Huron Crossroads Catholic Family of Parishes,perth-huron-crossroads-catholic-family-of-parishes,Huron-Perth,huronperth-diocese-of-london-canada,Saturday 17:00; Sunday 09:00,Wednesday 19:00,,Saturday 11:00-12:00,,,,,Seaforth,seaforth-ontario-canada,Ontario,ontario,Canada,canada,519-345-2972,phccatholic@dol.ca,,https://images.catholicparishes.org/canada/ontario/diocese_of_london/huronperth/stjames.webp,,,,,"Mass Times are subject to change, check the weekly bulletin.; Regarding Wednesday Mass, during the school year, on the 2nd Wednesday of the Month there is a School Mass at 9:15am so no Mass at 7pm",12/2/2025
106,st-patrick-kinkora,St. Patrick,https://phccatholic.com,Parish,43.477222,-81.074091,"Kinkora, 4597 Road 145 RR 1, Sebringville, ON N0K 1X0, Canada",Diocese of London,diocese-of-london-canada,https://dol.ca,Perth Huron Crossroads Catholic Family of Parishes,perth-huron-crossroads-catholic-family-of-parishes,Huron-Perth,huronperth-diocese-of-london-canada,Sunday 11:00,Friday 09:15,,Saturday 11:00-12:00,,,,,Kinkora,kinkora-ontario-canada,Ontario,ontario,Canada,canada,519-345-2972,phccatholic@dol.ca,,https://images.catholicparishes.org/canada/ontario/diocese_of_london/huronperth/stpatrickkinkora1.webp; https://images.catholicparishes.org/canada/ontario/diocese_of_london/huronperth/stpatrickkinkora2.webp; https://images.catholicparishes.org/canada/ontario/diocese_of_london/huronperth/stpatrickkinkora3.webp,,,,,"Mass Times are subject to change, check the weekly bulletin.",12/2/2025
107,st-vincent-de-paul-mitchell,St. Vincent de Paul,https://phccatholic.com,Parish,43.4719,-81.199597,"29 Park Ln, Mitchell, ON N0K 1N0, Canada",Diocese of London,diocese-of-london-canada,https://dol.ca,Perth Huron Crossroads Catholic Family of Parishes,perth-huron-crossroads-catholic-family-of-parishes,Huron-Perth,huronperth-diocese-of-london-canada,Saturday 19:00; Sunday 09:00,Tuesday 19:00,,,First Friday 09:00-21:00,,,,Mitchell,mitchell-ontario-canada,Ontario,ontario,Canada,canada,519-345-2972,phccatholic@dol.ca,,https://images.catholicparishes.org/canada/ontario/diocese_of_london/huronperth/stvincentdepaul.webp,,,,,"Mass Times are subject to change, check the weekly bulletin.; First Friday Adoration only takes place from September to June.",12/2/2025
108,sacred-heart-wingham,Sacred Heart,https://northernhuronperthcatholic.dol.ca,Parish,43.883155,-81.307824,"220 Carling Terrace, Wingham, ON N0G 2W0, Canada",Diocese of London,diocese-of-london-canada,https://dol.ca,Northern Huron Perth Catholic Family of Parishes,northern-huron-perth-catholic-family-of-parishes,Huron-Perth,huronperth-diocese-of-london-canada,Sunday 09:00,,,,,,,,Wingham,wingham-ontario-canada,Ontario,ontario,Canada,canada,519-291-4400,alysy@dol.ca,,https://images.catholicparishes.org/canada/ontario/diocese_of_london/huronperth/sacredheartwingham.webp,,,,,"For Daily Mass times and confession times, please refer to the weekly bulletin, which can be found on the website under the About tab.; In case of poor weather conditions, you can check to see if Mass is canceled by going to the website, hovering over About, and clicking ""Winter Weather Updates"".",12/2/2025
109,st-ambrose-brussels,St. Ambrose,https://northernhuronperthcatholic.dol.ca,Catholic Church,43.744235,-81.254759,"17 Flora St, Brussels, ON N0G 1H0, Canada",Diocese of London,diocese-of-london-canada,https://dol.ca,Northern Huron Perth Catholic Family of Parishes,northern-huron-perth-catholic-family-of-parishes,Huron-Perth,huronperth-diocese-of-london-canada,Saturday 18:00,,,,,,,,Brussels,brussels-ontario-canada,Ontario,ontario,Canada,canada,519-291-4400,alysy@dol.ca,,https://images.catholicparishes.org/canada/ontario/diocese_of_london/huronperth/stambrose.webp,,,,,"For Daily Mass times and confession times, please refer to the weekly bulletin, which can be found on the website under the About tab.; In case of poor weather conditions, you can check to see if Mass is canceled by going to the website, hovering over About, and clicking ""Winter Weather Updates"".",12/2/2025
110,st-joseph-listowel,St. Joseph,https://northernhuronperthcatholic.dol.ca,Parish,43.74296,-80.945066,"1025 Wallace Ave N, Listowel, ON N4W 3G6, Canada",Diocese of London,diocese-of-london-canada,https://dol.ca,Northern Huron Perth Catholic Family of Parishes,northern-huron-perth-catholic-family-of-parishes,Huron-Perth,huronperth-diocese-of-london-canada,Sunday 11:00,,,,,,,,Listowel,listowel-ontario-canada,Ontario,ontario,Canada,canada,519-291-4400,alysy@dol.ca,,https://images.catholicparishes.org/canada/ontario/diocese_of_london/huronperth/stjosephlistowel.webp,,,,,"For Daily Mass times and confession times, please refer to the weekly bulletin, which can be found on the website under the About tab.; In case of poor weather conditions, you can check to see if Mass is canceled by going to the website, hovering over About, and clicking ""Winter Weather Updates"".",12/2/2025
111,immaculate-conception-stratford,Immaculate Conception,https://avonthamescatholic.dol.ca,Parish,43.368004,-80.971642,"50 Well St, Stratford, ON N5A 4L7, Canada",Diocese of London,diocese-of-london-canada,https://dol.ca,Avon-Thames Catholic Family of Parishes,avonthames-catholic-family-of-parishes,Huron-Perth,huronperth-diocese-of-london-canada,Saturday 17:00,Wednesday 08:00,,Saturday 16:00-16:30,,,,,Stratford,stratford-ontario-canada,Ontario,ontario,Canada,canada,519-271-6722 ,avonthamescatholic@dol.ca,,https://images.catholicparishes.org/canada/ontario/diocese_of_london/huronperth/immaculateconception.webp,,,,,"The future of this Parish is undergoing the discernment process. By the time you read this, the information on this page might be inaccurate. Please check the website for more details.",12/2/2025
112,st-joseph-stratford,St. Joseph,https://avonthamescatholic.dol.ca,Parish,43.373795,-80.986329,"96 Huron St, Stratford, ON N5A 5S6, Canada",Diocese of London,diocese-of-london-canada,https://dol.ca,Avon-Thames Catholic Family of Parishes,avonthames-catholic-family-of-parishes,Huron-Perth,huronperth-diocese-of-london-canada,Sunday 08:00; Sunday 12:00,Tuesday 19:00; Friday 08:00,,Saturday 11:00-12:00,Tuesday 19:30-21:00; Friday 08:30-21:00,,,,Stratford,stratford-ontario-canada,Ontario,ontario,Canada,canada,519-271-6722 ,avonthamescatholic@dol.ca,,https://images.catholicparishes.org/canada/ontario/diocese_of_london/huronperth/stjosephstratford1.webp; https://images.catholicparishes.org/canada/ontario/diocese_of_london/huronperth/stjosephstratford2.webp,,,,,,12/2/2025
113,holy-name-of-mary-st-mary-s,Holy Name of Mary,https://avonthamescatholic.dol.ca,Parish,43.26387,-81.139408,"149 King St N, St. Marys, ON N4X 1C3, Canada",Diocese of London,diocese-of-london-canada,https://dol.ca,Avon-Thames Catholic Family of Parishes,avonthames-catholic-family-of-parishes,Huron-Perth,huronperth-diocese-of-london-canada,Sunday 10:00,Thursday 10:00,,Sunday 09:00-09:30,Thursday 10:30-12:30,,,,St Mary's,st-marys-ontario-canada,Ontario,ontario,Canada,canada,519-271-6722 ,avonthamescatholic@dol.ca,,https://images.catholicparishes.org/canada/ontario/diocese_of_london/huronperth/holynameofmary.webp,,,,,,12/2/2025
114,holy-trinity-ingersoll,Holy Trinity,https://nocfop.dol.ca,Parish,43.148256,-80.714482,"1420 Devonshire Ave, Woodstock, ON N4T 0M7, Canada",Diocese of London,diocese-of-london-canada,https://dol.ca,North Oxford Catholic Family of Parishes,north-oxford-catholic-family-of-parishes,Ingersoll,ingersoll-diocese-of-london-canada,Saturday 17:00; Sunday 08:30; Sunday 12:00,Tuesday 19:00; Wednesday 09:30; Thursday 09:30; Friday 09:30,,Tuesday 18:00-19:00; Thursday 10:00-11:00,Second Saturday 19:00,,,Tuesday 11:00 (Rosary); Tuesday 18:00 (Exposition); Wednesday 10:00 (Rosary); Thursday 10:00 (Exposition); Thursday 10:00 (Rosary); Friday 10:00 (Rosary),Ingersoll,ingersoll-ontario-canada,Ontario,ontario,Canada,canada,(519) 539-0876,nocfop@dol.ca,,https://images.catholicparishes.org/canada/ontario/diocese_of_london/ingersoll/holytrinity.webp,,,,,,12/2/2025
115,sacred-heart-woodstock,Sacred Heart,https://nocfop.dol.ca,Parish,43.042759,-80.888643,"131 Thames St N, Ingersoll, ON N5C 3C9, Canada",Diocese of London,diocese-of-london-canada,https://dol.ca,North Oxford Catholic Family of Parishes,north-oxford-catholic-family-of-parishes,Ingersoll,ingersoll-diocese-of-london-canada,Sunday 11:15; Sunday 18:00,Tuesday 11:30; Thursday 11:30,,Tuesday 11:00-11:30; Sunday 17:00-17:45,Second Sunday 19:00,,,Tuesday 11:00 (Rosary),Woodstock,woodstock-ontario-canada,Ontario,ontario,Canada,canada,(519) 485-1802,nocfop@dol.ca,,,,,,,,12/2/2025
116,holy-cross-woodstock,Holy Cross,https://nocfop.dol.ca,Catholic Community,43.121253,-80.774639,"169 Ingersoll Rd, Woodstock, ON N4S 7V6, Canada",Diocese of London,diocese-of-london-canada,https://dol.ca,North Oxford Catholic Family of Parishes,north-oxford-catholic-family-of-parishes,Ingersoll,ingersoll-diocese-of-london-canada,Sunday 10:00 (Polish),Friday 19:00 (Polish); First Saturday 09:00,,Friday 18:00-18:30,Monday 18:00-21:00; Wednesday 18:00-21:00; Thursday 18:00-21:00; Friday 19:30-21:00,,,Thursday 18:00-19:00 (Praise and Worship),Woodstock,woodstock-ontario-canada,Ontario,ontario,Canada,canada,(519) 539-3475,nocfop@dol.ca,Polish,https://images.catholicparishes.org/canada/ontario/diocese_of_london/ingersoll/holycross1.webp; https://images.catholicparishes.org/canada/ontario/diocese_of_london/ingersoll/holycross2.webp,,,,,,12/2/2025
117,st-bernard-of-clairvaux-waterford,St. Bernard of Clairvaux,https://catholicfamilyparishesnorfolk.dol.ca,Parish,42.924975,-80.294695,"165 Thompson Rd W, Waterford, ON N0E 1Y0, Canada",Diocese of London,diocese-of-london-canada,https://dol.ca,Catholic Family of Parishes in Norfolk,catholic-family-of-parishes-in-norfolk,Ingersoll,ingersoll-diocese-of-london-canada,Sunday 09:00,Wednesday 19:00; Thursday 09:00; Friday 11:30,,Sunday 08:15-09:00,,,,,Waterford,waterford-ontario-canada,Ontario,ontario,Canada,canada,(519) 426-0887,stmarycecilia@dol.ca,,https://images.catholicparishes.org/canada/ontario/diocese_of_london/ingersoll/stbernard.webp,,,,,Wednesday and Friday Mass only take place from Sept.1 - June 30th; Adoration takes place before weekday masses,12/2/2025
118,st-cecilia-port-dover,St. Cecilia,https://catholicfamilyparishesnorfolk.dol.ca,Parish,42.796983,-80.222597,"17 Lynn Park Ave, Port Dover, ON N0A 1N5, Canada",Diocese of London,diocese-of-london-canada,https://dol.ca,Catholic Family of Parishes in Norfolk,catholic-family-of-parishes-in-norfolk,Ingersoll,ingersoll-diocese-of-london-canada,Sunday 09:00,Wednesday 09:00; Thursday 09:00,,Sunday 08:15-09:00,,,,,Port Dover,port-dover-ontario-canada,Ontario,ontario,Canada,canada,(519) 426-0887,stmarycecilia@dol.ca,,https://images.catholicparishes.org/canada/ontario/diocese_of_london/ingersoll/stceilia1.webp; https://images.catholicparishes.org/canada/ontario/diocese_of_london/ingersoll/stceilia2.webp,,,,,Thursday Mass only takes place from Sept 1 - June 30th; Adoration takes place before weekday masses,12/2/2025
119,our-lady-queen-of-martyrs-delhi,"Our Lady, Queen of Martyrs",https://catholicfamilyparishesnorfolk.dol.ca,Parish,42.85321,-80.488919,"110 Adams Ave, Delhi, ON N4B 1R2, Canada",Diocese of London,diocese-of-london-canada,https://dol.ca,Catholic Family of Parishes in Norfolk,catholic-family-of-parishes-in-norfolk,Ingersoll,ingersoll-diocese-of-london-canada,Saturday 17:00; Sunday 11:00,Tuesday 19:00,,Saturday 16:00-16:30,,,,,Delhi,delhi-ontario-canada,Ontario,ontario,Canada,canada,(519) 582-1312,olmstbern@dol.ca,,https://images.catholicparishes.org/canada/ontario/diocese_of_london/ingersoll/ourladyqueenofmartyrs1.webp; https://images.catholicparishes.org/canada/ontario/diocese_of_london/ingersoll/ourladyqueenofmartyrs2.webp,,,,,Adoration takes place before weekday masses,12/2/2025
120,st-mary-simcoe,St. Mary,https://catholicfamilyparishesnorfolk.dol.ca,Parish,42.839039,-80.312274,"211 Union St, Simcoe, ON N3Y 2B3, Canada",Diocese of London,diocese-of-london-canada,https://dol.ca,Catholic Family of Parishes in Norfolk,catholic-family-of-parishes-in-norfolk,Ingersoll,ingersoll-diocese-of-london-canada,Saturday 17:00; Sunday 11:00,Monday 09:00; Tuesday 19:00; Friday 09:00,,Saturday 16:00-16:30,,,,,Simcoe,simcoe-ontario-canada,Ontario,ontario,Canada,canada,(519) 426-0887,stmarycecilia@dol.ca,,https://images.catholicparishes.org/canada/ontario/diocese_of_london/ingersoll/stmary.webp,,,,,Tuesday Mass only takes place from Sept 1 - June 30th; Adoration takes place before weekday masses,12/2/2025
121,st-mary-tillsonburg,St. Mary,https://etcfp.dol.ca,Parish,42.862054,-80.733998,"51 Venison St W, Tillsonburg, ON N4G 1V1, Canada",Diocese of London,diocese-of-london-canada,https://dol.ca,Erie Tri-County Catholic Family of Parishes,erie-tricounty-catholic-family-of-parishes,Ingersoll,ingersoll-diocese-of-london-canada,Saturday 17:00; Sunday 09:00; Sunday 11:00,Tuesday 18:30; Wednesday 09:30; Friday 09:30,,Friday 08:45-09:15; Saturday 16:00-16:45,Friday 08:45-09:15,,,,Tillsonburg,tillsonburg-ontario-canada,Ontario,ontario,Canada,canada,519-842-3224,etcfp@dol.ca,,https://images.catholicparishes.org/canada/ontario/diocese_of_london/ingersoll/stmarytillsonburg.webp,,,,,,12/2/2025
122,sacred-heart-langton,Sacred Heart,https://etcfp.dol.ca,Parish,42.741024,-80.581037,"24 Albert St, Langton, ON N0E 1G0, Canada",Diocese of London,diocese-of-london-canada,https://dol.ca,Erie Tri-County Catholic Family of Parishes,erie-tricounty-catholic-family-of-parishes,Ingersoll,ingersoll-diocese-of-london-canada,Sunday 10:30,Thursday 09:30,,,,,,,Langton,langton-ontario-canada,Ontario,ontario,Canada,canada,519-875-4438,etcfp@dol.ca,,https://images.catholicparishes.org/canada/ontario/diocese_of_london/ingersoll/sacredheart1.webp; https://images.catholicparishes.org/canada/ontario/diocese_of_london/ingersoll/sacredheart2.webp,,,,,,12/2/2025
123,st-michael-walsh,St. Michael,https://etcfp.dol.ca,Catholic Church,42.764461,-80.38677,"978 St John's Rd W, Simcoe, ON N3Y 4K1, Canada",Diocese of London,diocese-of-london-canada,https://dol.ca,Erie Tri-County Catholic Family of Parishes,erie-tricounty-catholic-family-of-parishes,Ingersoll,ingersoll-diocese-of-london-canada,Sunday 08:30,First Tuesday 09:30,,,,,,,Walsh,walsh-ontario-canada,Ontario,ontario,Canada,canada,519-842-3224,etcfp@dol.ca,,,,,,,,12/2/2025
124,our-lady-of-all-souls-hamilton,Our Lady of All Souls,https://www.allsoulshamilton.com,,43.264116,-79.866558,"21 Barton St W, Hamilton, ON L8L 1A2, Canada",Diocese of Hamilton,diocese-of-hamilton-canada,https://hamiltondiocese.com,,,Hamilton,hamilton-diocese-of-hamilton-canada,Saturday 18:00 (Spanish); Sunday 09:00 (Italian); Sunday 10:30; Sunday 12:00 (Spanish),Tuesday 19:00; Wednesday 09:00; Thursday 19:00; Friday 09:00,,Saturday 16:30,,,,,Hamilton,hamilton-ontario-canada,Ontario,ontario,Canada,canada,(905) 528-1513 ,allsoulshamilton@hamiltondiocese.com,Italian; Spanish,https://images.catholicparishes.org/canada/ontario/diocese_of_hamilton/allsouls.webp,,,,,Check website for weekly adoration times.,12/28/2025
125,annunciation-of-our-lord-hamilton,Annunciation of Our Lord,https://www.annunciationchurch.ca,,43.223797,-79.897929,"280 Limeridge Rd W, Hamilton, ON L9C 2V2, Canada",Diocese of Hamilton,diocese-of-hamilton-canada,https://hamiltondiocese.com,,,Hamilton,hamilton-diocese-of-hamilton-canada,Saturday 17:00; Sunday 09:30; Sunday 11:30,Tuesday 19:00; Wednesday 09:00; Thursday 09:00; Friday 09:00,,Tuesday 18:00-18:45; Saturday 16:00-16:45,Monday 07:30-21:30; Tuesday 07:30-21:30; Wednesday 07:30-21:30; Thursday 07:30-21:30; Friday 07:30-21:30; First Friday 18:00-19:00; Saturday 07:30-21:30; Sunday 13:00-17:00,,,Tuesday 18:30-19:00 (Rosary); Wednesday 08:30-09:00 (Rosary); Thursday 08:30-09:00 (Rosary); Friday 08:30-09:00 (Rosary); Saturday 16:00-17:00 (Divine Mercy Chaplet); Saturday 16:30-17:00 (Rosary); Sunday 09:00-09:30 (Rosary); Sunday 11:00-11:30 (Rosary),Hamilton,hamilton-ontario-canada,Ontario,ontario,Canada,canada,905-388-2078,annun@rogers.com,,,,,,,"All Adoration times listed are in Adoration Chapel except Adoration specifically on the First Friday of the month.; To gain access to Adoration Chapel, you must apply for a security code through the google form which is linked on the main page of the website.",12/28/2025
126,basilica-of-our-lady-immaculate-guelph,Basilica of Our Lady Immaculate,https://www.basilicaofourlady.com,,43.543027,-80.251659,"28 Norfolk St, Guelph, ON N1H 4H8, Canada",Diocese of Hamilton,diocese-of-hamilton-canada,https://hamiltondiocese.com,,,Wellington,wellington-diocese-of-hamilton-canada,Saturday 17:15; Sunday 09:00; Sunday 11:00,Monday 09:00; Tuesday 09:00; Wednesday 07:30; Wednesday 12:15; Thursday 09:00; Friday 09:00,,,,,,,Guelph,guelph-ontario-canada,Ontario,ontario,Canada,canada,519-824-3951,ourlady@churchofourlady.com,,https://images.catholicparishes.org/canada/ontario/diocese_of_hamilton/basilicaofourladyimmaculate1.webp; https://images.catholicparishes.org/canada/ontario/diocese_of_hamilton/basilicaofourladyimmaculate2.webp; https://images.catholicparishes.org/canada/ontario/diocese_of_hamilton/basilicaofourladyimmaculate3.webp; https://images.catholicparishes.org/canada/ontario/diocese_of_hamilton/basilicaofourladyimmaculate4.webp,,yes,,,Check website for weekly confession and adoration times.,12/28/2025
127,blessed-sacrament-burford,Blessed Sacrament,https://blessedsacramentparish.ca,,43.101234,-80.438338,"185 King St, Burford, ON N0E 1A0, Canada",Diocese of Hamilton,diocese-of-hamilton-canada,https://hamiltondiocese.com,Blessed Sacrament and St. Anthony Daniel,blessed-sacrament-and-st-anthony-daniel,Brant,brant-diocese-of-hamilton-canada,Saturday 17:00; Sunday 09:30,Tuesday 19:00; Wednesday 08:30; Thursday 08:30; Friday 08:30; First Saturday 09:00,,Tuesday 18:00-18:45; Saturday 16:00-16:45,Tuesday 18:00-19:00; First Friday 09:00-10:00,,,,Burford,burford-ontario-canada,Ontario,ontario,Canada,canada,(519) 449.5143  ,,,https://images.catholicparishes.org/canada/ontario/diocese_of_hamilton/blessedsacrament1.webp; https://images.catholicparishes.org/canada/ontario/diocese_of_hamilton/blessedsacrament2.webp,,,,,,12/28/2025
128,blessed-sacrament-kitchener,Blessed Sacrament,https://www.bskchurch.ca,,43.412093,-80.492409,"305 Laurentian Dr, Kitchener, ON N2E 2N6, Canada",Diocese of Hamilton,diocese-of-hamilton-canada,https://hamiltondiocese.com,"Mission of Blessed Sacrament, Kitchener",mission-of-blessed-sacrament-kitchener,Waterloo,waterloo-diocese-of-hamilton-canada,Saturday 19:00; Sunday 08:15; Sunday 10:00; Sunday 11:45,Tuesday 19:00; Wednesday 09:00; Thursday 09:00; Friday 09:00,,Friday 09:30-10:20; Saturday 11:00,Friday 09:30-10:30; First Friday 09:30-21:00,,,,Kitchener,kitchener-ontario-canada,Ontario,ontario,Canada,canada,519-742-5061,blessedsacrament1977@rogers.com,,https://images.catholicparishes.org/canada/ontario/diocese_of_hamilton/blessedsacramentkitchener1.webp; https://images.catholicparishes.org/canada/ontario/diocese_of_hamilton/blessedsacramentkitchener2.webp,,,,,The church is open for prayer Tuesday - Friday 8:30 am - 8:00 pm. The Marian Garden is always available for prayer.,12/28/2025
129,canadian-martyrs-hamilton,Canadian Martyrs,https://www.canadianmartyrshamilton.com,,43.25728,-79.920068,"1349 Main St W, Hamilton, ON L8S 4M7, Canada",Diocese of Hamilton,diocese-of-hamilton-canada,https://hamiltondiocese.com,,,Hamilton,hamilton-diocese-of-hamilton-canada,Saturday 17:15; Sunday 11:30; Sunday 20:00,Wednesday 12:30; Thursday 10:00; Friday 11:30,,Saturday 16:15-17:00,Friday 11:15-12:15,,,,Hamilton,hamilton-ontario-canada,Ontario,ontario,Canada,canada,905-528-4632,canadianmartyrshamilton@hamiltondiocese.com,,https://images.catholicparishes.org/canada/ontario/diocese_of_hamilton/canadianmartyrs1.webp,,,,,,12/28/2025
130,cathedral-basilica-of-christ-the-king-hamilton,Cathedral Basilica of Christ the King,https://ctkbasilica.ca,,43.263577,-79.891256,"714 King St W, Hamilton, ON L8P 1C7, Canada",Diocese of Hamilton,diocese-of-hamilton-canada,https://hamiltondiocese.com,,,Hamilton,hamilton-diocese-of-hamilton-canada,Saturday 17:00; Sunday 09:00; Sunday 11:00,,,Saturday 15:30-16:30,,,,,Hamilton,hamilton-ontario-canada,Ontario,ontario,Canada,canada,(905) 522-5744,,,https://images.catholicparishes.org/canada/ontario/diocese_of_hamilton/christtheking1.webp; https://images.catholicparishes.org/canada/ontario/diocese_of_hamilton/christtheking2.webp,,,,,Check website for daily mass times.,12/28/2025
131,holy-cross-georgetown,Holy Cross,https://holycrossrc.com,,43.631152,-79.878606,"14400 Argyll Rd, Georgetown, ON L7G 5S6, Canada",Diocese of Hamilton,diocese-of-hamilton-canada,https://hamiltondiocese.com,,,Halton,halton-diocese-of-hamilton-canada,Saturday 17:00; Sunday 09:00; Sunday 10:30; Sunday 12:00,Monday 09:00; Tuesday 19:00; Wednesday 09:00; Thursday 09:00; Friday 09:00; Saturday 09:00,,Tuesday 18:00-18:30; Saturday 16:00-16:30,Tuesday 18:00-18:45; Friday 09:30-12:00,,,,Georgetown,georgetown-ontario-canada,Ontario,ontario,Canada,canada,(905) 873-1887,holycrossgeorgetown@bellnet.ca,,https://images.catholicparishes.org/canada/ontario/diocese_of_hamilton/holycrossgeorgetown1.webp,,,,,12:00pm Sunday Mass only takes place from Sep to June,12/29/2025
132,holy-cross-hamilton,Holy Cross,https://www.facebook.com/holycrosscroatian/,,43.232013,-79.807716,"1883 King St E, Hamilton, ON L8K 1V9, Canada",Diocese of Hamilton,diocese-of-hamilton-canada,https://hamiltondiocese.com,,,Hamilton,hamilton-diocese-of-hamilton-canada,Saturday 17:00 (Croatian); Sunday 09:45; Sunday 11:15 (Croatian),,,,,,,,Hamilton,hamilton-ontario-canada,Ontario,ontario,Canada,canada,(905) 549-6707,h2c2parish@gmail.com,Croatian,,,,,,,12/29/2025
133,holy-family-hanover,Holy Family,https://holyfamily.ca,,44.149242,-81.026525,"352 10th Ave, Hanover, ON N4N 2N6, Canada",Diocese of Hamilton,diocese-of-hamilton-canada,https://hamiltondiocese.com,Mission of the Holy Family,mission-of-the-holy-family,Bruce Grey,bruce-grey-diocese-of-hamilton-canada,Saturday 18:00; Sunday 09:00,Tuesday 19:00; Wednesday 09:00; Thursday 19:00; Friday 09:00,,Saturday 17:30-17:55; Sunday 08:30-08:55,Monday 09:00-Thursday 21:00,yes,,,Hanover,hanover-ontario-canada,Ontario,ontario,Canada,canada,(519) 364-1973,info@holyfamily.ca,,https://images.catholicparishes.org/canada/ontario/diocese_of_hamilton/holyfamilyhanover1.webp; https://images.catholicparishes.org/canada/ontario/diocese_of_hamilton/holyfamilyhanover2.webp,,,,,"Adoration takes place in the Adoration Chapel. Use the back door of the church. If the door is locked, use the doorbell.",12/29/2025
134,holy-family-kitchener,Holy Family,,,43.483485,-80.459847,"180 Schweitzer St, Kitchener, ON N2K 2R5, Canada",Diocese of Hamilton,diocese-of-hamilton-canada,https://hamiltondiocese.com,,,Waterloo,waterloo-diocese-of-hamilton-canada,,,,,,,,,Kitchener,kitchener-ontario-canada,Ontario,ontario,Canada,canada,(519) 743-7121,,Croatian,https://images.catholicparishes.org/canada/ontario/diocese_of_hamilton/holyfamilykitchener.webp,,,,,,12/29/2025
135,holy-family-new-hamburg,Holy Family,https://www.holyfamilynewhamburg.com,,43.376029,-80.714490,"329 Huron St, New Hamburg, ON N3A 1K3, Canada",Diocese of Hamilton,diocese-of-hamilton-canada,https://hamiltondiocese.com,,,Waterloo,waterloo-diocese-of-hamilton-canada,Saturday 17:00; Sunday 10:00,Tuesday 19:00; Wednesday 08:30; Thursday 08:30; Friday 08:30,,Saturday 16:00-17:00,,,,,New Hamburg,new-hamburg-ontario-canada,Ontario,ontario,Canada,canada,(519) 662-1744,holyfamily@rogers.com,,https://images.catholicparishes.org/canada/ontario/diocese_of_hamilton/holyfamilynewhamburg1.webp; https://images.catholicparishes.org/canada/ontario/diocese_of_hamilton/holyfamilynewhamburg2.webp,,,,,See parish bulletin located on the website for weekly adoartion times.,12/29/2025
136,holy-rosary-burlington,Holy Rosary,https://holyrosaryburlington.ca,,43.314055,-79.844451,"287 Plains Rd E, Burlington, ON L7T 2C7, Canada",Diocese of Hamilton,diocese-of-hamilton-canada,https://hamiltondiocese.com,,,Halton,halton-diocese-of-hamilton-canada,Saturday 17:00; Sunday 09:00; Sunday 11:00,Tuesday 08:00; Wednesday 08:00; Thursday 08:00; Friday 08:00,,Saturday 15:45-16:30; First Friday 11:00-12:00,First Friday 08:30-12:00,,,,Burlington,burlington-ontario-canada,Ontario,ontario,Canada,canada,(905) 634-7441,holyrosaryburlington@hamiltondiocese.com,,https://images.catholicparishes.org/canada/ontario/diocese_of_hamilton/holyrosaryburlington1.webp; https://images.catholicparishes.org/canada/ontario/diocese_of_hamilton/holyrosaryburlington2.webp,,,,,Sunday 9:00 a.m. Mass only occurs from the Sunday after Labour Day to the Last Sunday in June.,12/29/2025
137,holy-rosary-guelph,Holy Rosary,https://holyrosaryguelph.ca,,43.564915,-80.252775,"175 Emma St, Guelph, ON N1E 1V6, Canada",Diocese of Hamilton,diocese-of-hamilton-canada,https://hamiltondiocese.com,,,Wellington,wellington-diocese-of-hamilton-canada,Saturday 17:00; Sunday 07:00; Sunday 09:00; Sunday 11:00,Monday 09:00; Tuesday 09:00; Wednesday 09:00; Thursday 09:00; Friday 09:00,,Saturday 16:00-16:45,,,,,Guelph,guelph-ontario-canada,Ontario,ontario,Canada,canada,(519) 822-4701,holyrosaryguelph@hamiltondiocese.com,,https://images.catholicparishes.org/canada/ontario/diocese_of_hamilton/holyrosaryguelph1.webp,,,,,,12/29/2025
138,holy-rosary-milton,Holy Rosary,https://www.holyrosaryparish.ca,,43.516494,-79.886229,"139 Martin St, Milton, ON L9T 2R3, Canada",Diocese of Hamilton,diocese-of-hamilton-canada,https://hamiltondiocese.com,,,Halton,halton-diocese-of-hamilton-canada,Saturday 17:00; Sunday 09:00; Sunday 11:00,Tuesday 08:00; Tuesday 19:00; Wednesday 08:00; Wednesday 19:00; Thursday 08:00; Friday 08:00,,Tuesday 19:40; Saturday 15:30-16:30,Monday 00:00-Sunday 23:59,yes,,,Milton,milton-ontario-canada,Ontario,ontario,Canada,canada,905-878-6535,reception@holyrosaryparish.ca,,,,,,,"IMPORTANT NOTE: During the summer months, from July to Labour Day, the Daily Mass schedule is as follows: Tue 19:00, Wed - Fri 09:00; Adoration takes place in Adoration Chapel, 24 hours a day. Registered Parishioners can visit the Parish Office during regular office hours to obtain the door code for adoration outside regular office hours.",12/29/2025
139,holy-trinity-oakville,Holy Trinity,https://www.holytrinitycroatian.org,,43.477062,-79.706151,"2110 Trafalgar Rd, Oakville, ON L6H 7H2, Canada",Diocese of Hamilton,diocese-of-hamilton-canada,https://hamiltondiocese.com,,,Halton,halton-diocese-of-hamilton-canada,Saturday 17:00; Sunday 09:00; Sunday 10:15 (Bilingual); Sunday 11:15,Monday 09:00; Tuesday 19:00; Wednesday 09:00; Thursday 19:00; Friday 19:00,,,,,,,Oakville,oakville-ontario-canada,Ontario,ontario,Canada,canada,905.842.2386,office@holytrinitycroatian.org,Croatian,https://images.catholicparishes.org/canada/ontario/diocese_of_hamilton/holytrinity1.webp,,,,,,12/29/2025
140,immaculate-conception-formosa,Immaculate Conception,https://formosaparish.ca,,44.068432,-81.213453,"212 12 Conc, 212 Concession Rd 12, Formosa, ON N0G 1W0, Canada",Diocese of Hamilton,diocese-of-hamilton-canada,https://hamiltondiocese.com,"Mission of Immaculate Conception, Formosa",mission-of-immaculate-conception-formosa,Bruce Grey,bruce-grey-diocese-of-hamilton-canada,Saturday 19:00; Sunday 11:00,Tuesday 19:00; Friday 09:00,,Tuesday 18:00-18:45,First Friday 09:00-17:00,,,,Formosa,formosa-ontario-canada,Ontario,ontario,Canada,canada,519- 367-5341,immaculateconceptionformosa@hamiltondiocese.com,,https://images.catholicparishes.org/canada/ontario/diocese_of_hamilton/immaculateconceptionformosa.webp,,,,,First Friday Adoration does not take place during lent.,12/29/2025
141,immaculate-heart-of-mary-stoney-creek,Immaculate Heart of Mary,https://www.ihmchurch.ca,,43.208429,-79.680689,"934 Hwy 8, Stoney Creek, ON L8E 5H7, Canada",Diocese of Hamilton,diocese-of-hamilton-canada,https://hamiltondiocese.com,,,Hamilton,hamilton-diocese-of-hamilton-canada,Saturday 17:00; Sunday 09:00; Sunday 11:00; Sunday 16:00,Monday 09:00; Tuesday 19:00; Wednesday 09:00; Thursday 09:00; Friday 09:00,,Monday 08:30-09:00; Tuesday 18:00-19:00; Wednesday 08:30-09:00; Thursday 08:30-09:00; Friday 08:30-09:00; Saturday 15:45-16:45,Monday 10:00-Saturday 09:00,yes,,,Stoney Creek,stoney-creek-ontario-canada,Ontario,ontario,Canada,canada,(905) 643-1637,ihmchurch@cogeco.net,,https://images.catholicparishes.org/canada/ontario/diocese_of_hamilton/immaculateheartofmary1.webp; https://images.catholicparishes.org/canada/ontario/diocese_of_hamilton/immaculateheartofmary2.webp,,,,,Adoration takes place in Adoration Chapel,12/29/2025
142,incarnation-of-our-blessed-lord-hamilton,Incarnation of Our Blessed Lord,https://incarnationhamilton.ca,,43.238907,-79.771071,"400 Pottruff Rd N, Hamilton, ON L8H 2M4, Canada",Diocese of Hamilton,diocese-of-hamilton-canada,https://hamiltondiocese.com,,,Hamilton,hamilton-diocese-of-hamilton-canada,Saturday 17:15; Sunday 09:00; Sunday 11:00,Tuesday 08:00; Wednesday 08:00; Thursday 08:00; Friday 08:00; Saturday 08:00,,Saturday 16:00-17:00,,,,,Hamilton,hamilton-ontario-canada,Ontario,ontario,Canada,canada,(905) 561-7777,incarnationhamilton@hamiltondiocese.com,,,,,,,,12/29/2025
143,mary-immaculate-chepstow,Mary Immaculate,https://formosaparish.ca,,44.153010,-81.280849,"39 Concession Rd 6, Chepstow, ON N0G 1K0, Canada",Diocese of Hamilton,diocese-of-hamilton-canada,https://hamiltondiocese.com,"Mission of Immaculate Conception, Formosa",mission-of-immaculate-conception-formosa,Bruce Grey,bruce-grey-diocese-of-hamilton-canada,Saturday 17:00; Sunday 11:00,Tuesday 09:00; Wednesday 09:00; Friday 09:00; First Saturday 09:00,,Saturday 16:00-16:45,First Saturday 09:00-10:00,,,,Chepstow,chepstow-ontario-canada,Ontario,ontario,Canada,canada,519-366-2353,maryimmaculatechepstow@hamiltondiocese.com,,https://images.catholicparishes.org/canada/ontario/diocese_of_hamilton/maryimmaculate1.webp; https://images.catholicparishes.org/canada/ontario/diocese_of_hamilton/maryimmaculate2.webp,,,,,,12/29/2025
144,mary-mother-of-god-oakville,Mary Mother of God,https://mmogp.ca,,43.488895,-79.712996,"2745 North Ridge Trail, Oakville, ON L6H 7A3, Canada",Diocese of Hamilton,diocese-of-hamilton-canada,https://hamiltondiocese.com,,,Halton,halton-diocese-of-hamilton-canada,Saturday 17:00; Sunday 09:00; Sunday 11:00,Monday 18:30; Tuesday 19:00; Wednesday 09:00; Thursday 09:00; Friday 09:00; Saturday 09:00,,Tuesday 18:15-18:45; Wednesday 09:45-10:15; Thursday 09:45-10:15; Friday 09:45-10:15; Saturday 15:45-16:45,Monday 07:00-19:00; Tuesday 07:00-19:00; Wednesday 07:00-19:00; Thursday 07:00-19:00; Friday 07:00-19:00; Saturday 07:00-19:00; Sunday 07:00-19:00,,,,Oakville,oakville-ontario-canada,Ontario,ontario,Canada,canada,905 337 2184,mmogp@bellnet.ca,,,,,,,"Adoration takes place in Adoration Chapel, and is open for the times listed above excluding regular mass times.; When the parish is open, you are welcome to drop in. If however the parish office is closed, you must be registered as a Guardian to obtain the code to enter for Eucharistic Adoration. This can be done on the website.; If you arrive, and you are the only one present, please open the Tabernacle cabinet doors to the Blessed Sacrament for Adoration. If no one else is present when you leave, please close the Tabernacle cabinet doors to the Blessed Sacrament.",12/29/2025
145,most-blessed-sacrament-hamilton,Most Blessed Sacrament,http://blessedsacramenthamilton.com,,43.227991,-79.841490,"305 E 37th St, Hamilton, ON L8V 4B5, Canada",Diocese of Hamilton,diocese-of-hamilton-canada,https://hamiltondiocese.com,Most Blessed Sacrament and Sacred Heart Hamilton,most-blessed-sacrament-and-sacred-heart-hamilton,Hamilton,hamilton-diocese-of-hamilton-canada,Saturday 17:00; Sunday 11:00; Sunday 14:00,Wednesday 09:00; Friday 09:00,,Saturday 16:00-16:30,,,,,Hamilton,hamilton-ontario-canada,Ontario,ontario,Canada,canada,905.385.3570,blessedsacramenthamilton@hamiltondiocese.com,,https://images.catholicparishes.org/canada/ontario/diocese_of_hamilton/mostblessedsacrament1.webp; https://images.catholicparishes.org/canada/ontario/diocese_of_hamilton/mostblessedsacrament2.webp,,,,,,12/29/2025
146,notre-dame-du-perpetuel-secours-hamilton,Notre Dame du Perpetuel Secours,https://www.paroissenotredame.ca,,43.243718,-79.840948,"132 Blake St, Hamilton, ON L8M 2S6, Canada",Diocese of Hamilton,diocese-of-hamilton-canada,https://hamiltondiocese.com,,,Hamilton,hamilton-diocese-of-hamilton-canada,Saturday 17:00 (French); Sunday 10:00 (French),Tuesday 09:00 (French); Wednesday 09:00 (French); Thursday 09:00 (French); Friday 09:00 (French),,,,,,,Hamilton,hamilton-ontario-canada,Ontario,ontario,Canada,canada,905 545-6953,perpetuel243@gmail.com,French,https://images.catholicparishes.org/canada/ontario/diocese_of_hamilton/notredameduperpetuelsecours1.webp; https://images.catholicparishes.org/canada/ontario/diocese_of_hamilton/notredameduperpetuelsecours2.webp,,,,,,12/29/2025
147,our-lady-of-fatima-cambridge,Our Lady of Fatima,,,43.345666,-80.291661,"185 Elgin St S, Cambridge, ON N1R 7C8, Canada",Diocese of Hamilton,diocese-of-hamilton-canada,https://hamiltondiocese.com,,,Waterloo,waterloo-diocese-of-hamilton-canada,,,,,,,,,Cambridge,cambridge-ontario-canada,Ontario,ontario,Canada,canada,(519) 623-2320,,Portuguese,https://images.catholicparishes.org/canada/ontario/diocese_of_hamilton/ourladyoffatima1.webp; https://images.catholicparishes.org/canada/ontario/diocese_of_hamilton/ourladyoffatima2.webp,,,,,,12/29/2025
148,our-lady-of-fatima-kitchener,Our Lady of Fatima,,,43.446906,-80.472791,"300 Simeon St, Kitchener, ON N2H 1T5, Canada",Diocese of Hamilton,diocese-of-hamilton-canada,https://hamiltondiocese.com,,,Waterloo,waterloo-diocese-of-hamilton-canada,Sunday 09:00 (Portuguese),,,,,,,,Kitchener,kitchener-ontario-canada,Ontario,ontario,Canada,canada,(519) 749-1100,,Portuguese,https://images.catholicparishes.org/canada/ontario/diocese_of_hamilton/ourladyoffatimakitchner.webp,,,,,Confessions take place before mass.,12/29/2025
149,our-lady-of-guadalupe-kitchener,Our Lady of Guadalupe,https://parroquiaguadalupe.ca,,43.448592,-80.508362,"85 Strange St, Kitchener, ON N2G 1R4, Canada",Diocese of Hamilton,diocese-of-hamilton-canada,https://hamiltondiocese.com,,,Waterloo,waterloo-diocese-of-hamilton-canada,Saturday 19:00 (Spanish); Sunday 11:00 (Spanish); Sunday 13:00 (Spanish),Tuesday 12:00 (Spanish); Wednesday 12:00 (Spanish); Thursday 12:00 (Spanish); Friday 12:00 (Spanish),,Tuesday 11:30-12:00; Wednesday 11:30-12:00; Thursday 11:30-12:00; Friday 11:30-12:00; Saturday 15:30-16:30,,,,,Kitchener,kitchener-ontario-canada,Ontario,ontario,Canada,canada,519-745-7855,office@parroquiaguadalupe.ca,Spanish,https://images.catholicparishes.org/canada/ontario/diocese_of_hamilton/stjohnkitchner1.webp; https://images.catholicparishes.org/canada/ontario/diocese_of_hamilton/stjohnkitchner2.webp,,,st-john-kitchener,St. John,,12/29/2025
150,our-lady-of-lourdes-waterloo,Our Lady of Lourdes,https://www.ourladyoflourdeschurchwaterloo.com,,43.458807,-80.531059,"173 Lourdes St., Waterloo, ON N2L 1N5, Canada",Diocese of Hamilton,diocese-of-hamilton-canada,https://hamiltondiocese.com,,,Waterloo,waterloo-diocese-of-hamilton-canada,Saturday 19:00; Sunday 09:00; Sunday 11:00,Tuesday 19:00; Wednesday 09:00; Thursday 12:00; Friday 09:00,,Saturday 11:00-12:00,,,,,Waterloo,waterloo-ontario-canada,Ontario,ontario,Canada,canada,519-886-0342,lourdeswaterloochurch@gmail.com,,https://images.catholicparishes.org/canada/ontario/diocese_of_hamilton/ourladyoflourdes1.webp; https://images.catholicparishes.org/canada/ontario/diocese_of_hamilton/ourladyoflourdes2.webp,,,,,,12/29/2025
151,our-lady-of-mercy-hamilton,Our Lady of Mercy,https://www.facebook.com/Ourladyofmercyhamilton/,,43.263902,-79.886873,"58 Dundurn St N, Hamilton, ON L8R 3E1, Canada",Diocese of Hamilton,diocese-of-hamilton-canada,https://hamiltondiocese.com,,,Hamilton,hamilton-diocese-of-hamilton-canada,Sunday 09:00,,,,,,,,Hamilton,hamilton-ontario-canada,Ontario,ontario,Canada,canada,(905) 522-5272,,Lithuanian,https://images.catholicparishes.org/canada/ontario/diocese_of_hamilton/ourladyofmercy1.webp; https://images.catholicparishes.org/canada/ontario/diocese_of_hamilton/ourladyofmercy2.webp,,,,,,12/29/2025
152,our-lady-of-mount-carmel-freelton,Our Lady of Mount Carmel,https://www.facebook.com/olmcparishfreelton/,,43.398952,-80.03591,"71 Freelton Rd, Freelton, ON L0R 1K0, Canada",Diocese of Hamilton,diocese-of-hamilton-canada,https://hamiltondiocese.com,,,Hamilton,hamilton-diocese-of-hamilton-canada,Saturday 17:00; Sunday 09:00; Sunday 11:00,Tuesday 18:30; Wednesday 09:00; Thursday 09:00; Friday 09:00,,,,,,,Freelton,freelton-ontario-canada,Ontario,ontario,Canada,canada,(905) 659-3305,office@olmcf.com,,https://images.catholicparishes.org/canada/ontario/diocese_of_hamilton/ourladyofmountcarmel1.webp; https://images.catholicparishes.org/canada/ontario/diocese_of_hamilton/ourladyofmountcarmel2.webp,,,,,,12/29/2025
153,st-mary-s-parish-at-our-lady-of-the-assumption-church-brantford,St. Mary's Parish at Our Lady of the Assumption Church,https://www.marybrantford.com,,43.139050,-80.25167,"133 Murray St, Brantford, ON N3S 5P8, Canada",Diocese of Hamilton,diocese-of-hamilton-canada,https://hamiltondiocese.com,,,Brant,brant-diocese-of-hamilton-canada,Saturday 17:00; Sunday 09:00; Sunday 11:00,Tuesday 19:00; Second and Fourth Wednesday 10:30; Thursday 09:00; Friday 09:00,,Tuesday 18:00-18:40; Saturday 16:00-16:40,,,,,Brantford,brantford-ontario-canada,Ontario,ontario,Canada,canada,519-753-7316,marybrantford@gmail.com,,https://images.catholicparishes.org/canada/ontario/diocese_of_hamilton/stmaryourladyoftheassumption1.webp; https://images.catholicparishes.org/canada/ontario/diocese_of_hamilton/stmaryourladyoftheassumption2.webp,,,,,,12/29/2025
154,our-lady-of-the-assumption-stoney-creek,Our Lady of the Assumption,https://ourladyoftheassumptionparish.com,,43.172502,-79.770176,"63 Highway 20 East, Stoney Creek, ON L8J 2W9, Canada",Diocese of Hamilton,diocese-of-hamilton-canada,https://hamiltondiocese.com,,,Hamilton,hamilton-diocese-of-hamilton-canada,Saturday 17:00; Sunday 08:00; Sunday 10:00; Sunday 12:00; Sunday 19:00,Monday 08:00; Tuesday 19:00; Wednesday 08:00; Thursday 08:00; Friday 08:00; Saturday 08:00,,Saturday 16:00-16:45; First Friday 08:30-09:30,Friday 08:30-19:00,,Friday 19:00-19:30,,Stoney Creek,stoney-creek-ontario-canada,Ontario,ontario,Canada,canada,(905) 664-7651,parishoffice@olotap.ca,,https://images.catholicparishes.org/canada/ontario/diocese_of_hamilton/ourladyoftheassumptionstoneycreek.webp,,,,,,12/29/2025
155,our-lady-of-vietnam-hamilton,Our Lady of Vietnam,http://www.giaoxuducmevn.ca/,,43.245668,-79.808327,"1393 Cannon St E, Hamilton, ON L8H 1W2, Canada",Diocese of Hamilton,diocese-of-hamilton-canada,https://hamiltondiocese.com,,,Hamilton,hamilton-diocese-of-hamilton-canada,Sunday 10:30 (Vietnamese),Tuesday 19:00 (Vietnamese); Wednesday 19:00 (Vietnamese),,Tuesday 18:30-19:00; Tuesday 19:30-20:00; Thursday 18:30-19:00; Thursday 19:30-20:00,,,,,Hamilton,hamilton-ontario-canada,Ontario,ontario,Canada,canada,(905) 544-7011,ourladyvn@gmail.com,Vietnamese,https://images.catholicparishes.org/canada/ontario/diocese_of_hamilton/ourladyofvietnam.webp,,,,,,12/29/2025
156,queen-of-peace-norval,Queen of Peace,http://www.norvalqueenofpeace.com/,,43.627743,-79.829884,"9118 Winston Churchill Blvd, Norval, ON L0P 1K0, Canada",Diocese of Hamilton,diocese-of-hamilton-canada,https://hamiltondiocese.com,,,Halton,halton-diocese-of-hamilton-canada,Saturday 17:00 (Croatian); Sunday 09:00 (Croatian); Sunday 11:00 (Croatian),Monday 19:00 (Croatian); Tuesday 19:00 (Croatian); Wednesday 09:00 (Croatian); Thursday 19:00 (Croatian); Friday 19:00 (Croatian),,Monday 18:30-17:00; Tuesday 18:30-17:00; Thursday 18:30-17:00; Friday 18:30-17:00; Saturday 16:30-17:00; Sunday 08:30-09:00; Sunday 10:30-11:00,Tuesday 19:30,,,,Norval,norval-ontario-canada,Ontario,ontario,Canada,canada,905.456.3203,cfcnorval@gmail.com,Croatian,https://images.catholicparishes.org/canada/ontario/diocese_of_hamilton/queenofpeace.webp,,,,,,12/29/2025
157,regina-mundi-hamilton,Regina Mundi,https://www.reginamundi.ca,,43.23276,-79.912467,"631 Mohawk Rd W, Hamilton, ON L9C 1X7, Canada",Diocese of Hamilton,diocese-of-hamilton-canada,https://hamiltondiocese.com,,,Hamilton,hamilton-diocese-of-hamilton-canada,Saturday 17:00; Sunday 09:00; Sunday 11:00,Tuesday 19:00; Wednesday 08:30; Thursday 08:30; Friday 08:30,,Tuesday 18:15-18:45; Saturday 16:00-16:30,Monday 16:00-23:00; Tuesday 16:00-23:00; Wednesday 16:00-23:00; Thursday 09:00-23:00; Friday 16:00-23:00,,,,Hamilton,hamilton-ontario-canada,Ontario,ontario,Canada,canada,(905) 385-3297,reginamundi@rogers.com,,https://images.catholicparishes.org/canada/ontario/diocese_of_hamilton/reginamundi1.webp; https://images.catholicparishes.org/canada/ontario/diocese_of_hamilton/reginamundi2.webp,,,,,Adoration takes place in Blessed Sacrament Chapel,12/30/2025
158,sacre-coeur-georgetown,Sacré Coeur,https://paroissesacrecoeurgeorgetown.org,,43.651981,-79.925828,"39 Guelph St, Georgetown, ON L7G 3Z3, Canada",Diocese of Hamilton,diocese-of-hamilton-canada,https://hamiltondiocese.com,,,Halton,halton-diocese-of-hamilton-canada,Saturday 17:00 (French); Sunday 09:30 (French),,,,,,,,Georgetown,georgetown-ontario-canada,Ontario,ontario,Canada,canada,(905) 877-4373,,French,https://images.catholicparishes.org/canada/ontario/diocese_of_hamilton/sacrecoeur.webp,,,,,Confession is by appointment only. Call the parish number to make an appointment.,12/30/2025
159,sacred-heart-of-jesus-rockwood,Sacred Heart of Jesus,https://sacredheartrockwood.ca,,43.621875,-80.148158,"238 Main St N, Rockwood, ON N0B 2K0, Canada",Diocese of Hamilton,diocese-of-hamilton-canada,https://hamiltondiocese.com,,,Wellington,wellington-diocese-of-hamilton-canada,Saturday 17:00; Sunday 09:00; Sunday 11:00,Tuesday 19:00; Friday 08:00,,Tuesday 18:30-18:45; Saturday 16:30-16:45,Wednesday 08:00-10:00,,,Tuesday 18:30-19:00 (Rosary),Rockwood,rockwood-ontario-canada,Ontario,ontario,Canada,canada,519-856-4711,sacredheartrockwood@hamiltondiocese.com,,https://images.catholicparishes.org/canada/ontario/diocese_of_hamilton/sacredheartrockwood1.webp; https://images.catholicparishes.org/canada/ontario/diocese_of_hamilton/sacredheartrockwood2.webp,,,,,,12/30/2025
160,sacred-heart-guelph,Sacred Heart,https://www.sacredheartparishguelph.com,,43.547669,-80.236515,"98 Alice St, Guelph, ON N1E 2Z8, Canada",Diocese of Hamilton,diocese-of-hamilton-canada,https://hamiltondiocese.com,,,Wellington,wellington-diocese-of-hamilton-canada,Saturday 19:00; Sunday 10:00; Sunday 12:00 (Polish); Sunday 19:00,Monday 08:15; Tuesday 19:00; Wednesday 08:15; Thursday 19:00; Friday 08:15; Friday 19:00 (Polish); Saturday 08:15,,Monday 07:45-08:15; Tuesday 18:30-19:00; Wednesday 07:45-08:15; Thursday 18:30-19:00; Friday 07:45-08:15; Friday 18:30-19:00; Saturday 18:20-18:50,Friday 09:00-19:00; First Friday 19:30-08:00,yes,,,Guelph,guelph-ontario-canada,Ontario,ontario,Canada,canada,519.822.8944,sacredheart20014@gmail.com,Polish,https://images.catholicparishes.org/canada/ontario/diocese_of_hamilton/sacredheartguelphpolish.webp,,,,,,12/30/2025
161,sacred-heart-hamilton,Sacred Heart,,,43.241307,-79.848271,"19 Viewpoint Ave, Hamilton, ON L8V 2S4, Canada",Diocese of Hamilton,diocese-of-hamilton-canada,https://hamiltondiocese.com,,,Hamilton,hamilton-diocese-of-hamilton-canada,Sunday 09:00,,,,,,,,Hamilton,hamilton-ontario-canada,Ontario,ontario,Canada,canada,(905) 383-3280,,,https://images.catholicparishes.org/canada/ontario/diocese_of_hamilton/sacredhearthamilton.webp,,,,,,12/30/2025
162,sacred-heart-kitchener,Sacred Heart,http://kitchenercr.com/,,43.456755,-80.502681,"66 Shanley St, Kitchener, ON N2H 5N9, Canada",Diocese of Hamilton,diocese-of-hamilton-canada,https://hamiltondiocese.com,,,Waterloo,waterloo-diocese-of-hamilton-canada,Saturday 17:00 (Polish); Sunday 08:30 (Polish); Sunday 10:00; Sunday 11:00 (Polish); Sunday 19:00,Monday 08:00; Tuesday 08:00; Wednesday 08:00; Wednesday 19:00 (Polish); Thursday 08:00; Thursday 19:00 (Polish); Friday 08:00; Friday 19:00 (Polish); Saturday 09:00 (Polish),,Monday 07:45-07:55; Tuesday 07:45-07:55; Wednesday 07:45-07:55; Wednesday 18:30-18:55; Thursday 07:45-07:55; Thursday 18:30-18:55 Friday 07:45-07:55; Friday 18:30-18:55; Saturday 16:00-16:30; First Friday 18:00-18:55,,,,,Kitchener,kitchener-ontario-canada,Ontario,ontario,Canada,canada,(519) 742-5831,heartparish@gmail.com,Polish,https://images.catholicparishes.org/canada/ontario/diocese_of_hamilton/sacredheartkitchnerpolish1.webp; https://images.catholicparishes.org/canada/ontario/diocese_of_hamilton/sacredheartkitchnerpolish2.webp,,,,,,12/30/2025
163,sacred-heart-mildway,Sacred Heart,https://www.catholicchurchwalkertonmildmay.com,,44.039675,-81.116988,"12 Church St, Mildmay, ON N0G 2J0, Canada",Diocese of Hamilton,diocese-of-hamilton-canada,https://hamiltondiocese.com,Sacred Hearts in Walkerton and Mildmay,sacred-hearts-in-walkerton-and-mildmay,Bruce Grey,bruce-grey-diocese-of-hamilton-canada,Saturday 18:30; Sunday 09:00,Wednesday 09:00; Thursday 09:00,,Wednesday 08:30-09:00; Thursday 08:30-09:00,,,,,Mildway,mildway-ontario-canada,Ontario,ontario,Canada,canada,519-367-5304,sacredheartmildmay@hamiltondiocese.com,,,,,,,,12/30/2025
164,sacred-heart-paris,Sacred Heart,https://www.sacredheartbrant.ca,,43.187859,-80.378318,"17 Washington St, Brant, ON N3L 2A2, Canada",Diocese of Hamilton,diocese-of-hamilton-canada,https://hamiltondiocese.com,,,Brant,brant-diocese-of-hamilton-canada,Saturday 17:00; Sunday 09:00; Sunday 11:00,Tuesday 09:00; Wednesday 09:00; Thursday 09:00; Friday 09:00,,Saturday 16:00-16:50,,,,,Paris,paris-ontario-canada,Ontario,ontario,Canada,canada,(519) 442-2465,sacredheartparis@hamiltondiocese.com,,https://images.catholicparishes.org/canada/ontario/diocese_of_hamilton/sacredheartparis.webp,,,,,,12/30/2025
165,sacred-heart-walkerton,Sacred Heart,https://www.catholicchurchwalkertonmildmay.com,,44.12985,-81.147704,"220 Victoria St S, Walkerton, ON N0G 2V0, Canada",Diocese of Hamilton,diocese-of-hamilton-canada,https://hamiltondiocese.com,Sacred Hearts in Walkerton and Mildmay,sacred-hearts-in-walkerton-and-mildmay,Bruce Grey,bruce-grey-diocese-of-hamilton-canada,Saturday 17:00; Sunday 11:00,Tuesday 09:00; Friday 09:00,,Tuesday 08:30-09:00; Saturday 16:00-17:00,,,,,Walkerton,walkerton-ontario-canada,Ontario,ontario,Canada,canada,519-881-0692,sacred_heart@wightman.ca,,https://images.catholicparishes.org/canada/ontario/diocese_of_hamilton/sacredheartwalkerton1.webp; https://images.catholicparishes.org/canada/ontario/diocese_of_hamilton/sacredheartwalkerton2.webp,,,,,,12/30/2025
166,st-agatha-st-agatha,St. Agatha,https://www.stagathachurch.ca,,43.435299,-80.628708,"1839 Notre Dame Dr, St. Agatha, ON N0B 2L0, Canada",Diocese of Hamilton,diocese-of-hamilton-canada,https://hamiltondiocese.com,,,Waterloo,waterloo-diocese-of-hamilton-canada,Saturday 17:00; Sunday 09:00; Sunday 11:00,Tuesday 09:00; Wednesday 09:00; Thursday 09:00; Friday 09:00,,Tuesday 09:30-10:00; Saturday 16:30-16:55,,,,,St. Agatha,st-agatha-ontario-canada,Ontario,ontario,Canada,canada,(519) 747-1212,office@stagathachurch.ca,,https://images.catholicparishes.org/canada/ontario/diocese_of_hamilton/stagatha1.webp; https://images.catholicparishes.org/canada/ontario/diocese_of_hamilton/stagatha2.webp,,,,,,12/30/2025
167,st-agnes-waterloo,St. Agnes,https://saintagnescatholicchurch.org,,43.475821,-80.501142,"75 Bluevale St N, Waterloo, ON N2J 3R7, Canada",Diocese of Hamilton,diocese-of-hamilton-canada,https://hamiltondiocese.com,,,Waterloo,waterloo-diocese-of-hamilton-canada,Saturday 17:00; Sunday 09:00; Sunday 11:00; Sunday 19:00,Tuesday 09:00; Wednesday 09:00; Thursday 19:00; Friday 19:00; Saturday 09:00,,Saturday 16:00-17:00,Thursday 18:00-19:00,,,,Waterloo,waterloo-ontario-canada,Ontario,ontario,Canada,canada,519.885.4480,office@saintagnescatholicchurch.org,,https://images.catholicparishes.org/canada/ontario/diocese_of_hamilton/stagnes1.webp; https://images.catholicparishes.org/canada/ontario/diocese_of_hamilton/stagnes2.webp,,,,,,12/30/2025
168,st-aloysius-waterloo,St. Aloysius,https://staloysius.on.ca,,43.427827,-80.444075,"11 Traynor Ave, Kitchener, ON N2C 1W1, Canada",Diocese of Hamilton,diocese-of-hamilton-canada,https://hamiltondiocese.com,,,Waterloo,waterloo-diocese-of-hamilton-canada,Saturday 17:00; Sunday 09:00; Sunday 11:00; Sunday 19:00,Monday 08:30; Tuesday 18:00; Wednesday 08:30; Thursday 08:30; Friday 08:30; Saturday 08:30,,Tuesday 17:00-17:45; Saturday 15:45-16:30,Tuesday 17:00-18:00,,,,Waterloo,waterloo-ontario-canada,Ontario,ontario,Canada,canada,519-893-1220,info@staloysius.on.ca,,https://images.catholicparishes.org/canada/ontario/diocese_of_hamilton/staloysius1.webp,,,,,,12/30/2025
169,st-ambrose-cambridge,St. Ambrose,https://www.stambrosecambridge.ca,,43.353437,-80.297273,"210 South St, Cambridge, ON N1R 2P4, Canada",Diocese of Hamilton,diocese-of-hamilton-canada,https://hamiltondiocese.com,,,Waterloo,waterloo-diocese-of-hamilton-canada,Saturday 17:00; Sunday 09:00; Sunday 11:00,Tuesday 08:00; Wednesday 19:00; Thursday 08:00; Friday 08:00; First Saturday 08:00; Second Saturday 08:00,,Monday 18:30-18:45; Tuesday 08:30-09:30; Wednesday 18:00-18:45; Thursday 08:30-09:30; Friday 08:30-09:30; Saturday 16:00-16:45; Sunday 08:00-08:45; Sunday 10:15-10:45,Monday 00:00-Sunday 23:59,yes,,,Cambridge,cambridge-ontario-canada,Ontario,ontario,Canada,canada,519.621.2013,,,https://images.catholicparishes.org/canada/ontario/diocese_of_hamilton/stambrose.webp,,,,,"To access Adoration Chapel, please contact the parish office.",12/30/2025
170,st-andrew-oakville,St. Andrew,https://www.standrewoakville.com,,43.447093,-79.663102,"47 Reynolds St, Oakville, ON L6J 3J9, Canada",Diocese of Hamilton,diocese-of-hamilton-canada,https://hamiltondiocese.com,,,Halton,halton-diocese-of-hamilton-canada,Saturday 17:00; Sunday 08:15; Sunday 09:30; Sunday 11:30,Tuesday 12:05; Wednesday 09:00; Thursday 12:05; Friday 09:00,,Saturday 16:00-16:45,,,,,Oakville,oakville-ontario-canada,Ontario,ontario,Canada,canada,905.844.3303,office@standrewoakville.com,,https://images.catholicparishes.org/canada/ontario/diocese_of_hamilton/standrew.webp,,,,,,12/30/2025
171,st-ann-ancaster,St. Ann,https://stannparish.ca,,43.218094,-79.987982,"11 Wilson St W, Ancaster, ON L9G 1N1, Canada",Diocese of Hamilton,diocese-of-hamilton-canada,https://hamiltondiocese.com,,,Hamilton,hamilton-diocese-of-hamilton-canada,Saturday 17:00; Sunday 09:00; Sunday 11:00,Tuesday 19:00; Wednesday 08:00; Thursday 08:00; Friday 08:00,,Tuesday 18:15-18:45; Saturday 16:00-16:45,Friday 08:30-09:15,,,,Ancaster,ancaster-ontario-canada,Ontario,ontario,Canada,canada,905-648-6874,,,https://images.catholicparishes.org/canada/ontario/diocese_of_hamilton/stann1.webp; https://images.catholicparishes.org/canada/ontario/diocese_of_hamilton/stann2.webp,,,,,,12/30/2025
172,st-ann-hamilton,St. Ann,https://stannhamilton.church,,43.25594,-79.83597,"120 Sherman Ave N, Hamilton, ON L8L 6M6, Canada",Diocese of Hamilton,diocese-of-hamilton-canada,https://hamiltondiocese.com,,,Hamilton,hamilton-diocese-of-hamilton-canada,"Saturday 17:00; Sunday 08:00 (Latin ""Low Mass); Sunday 10:00; Sunday 12:00 (Latin Missa Cantata)",Tuesday 08:00; Wednesday 08:00; Wednesday 19:00 (Latin); Thursday 08:00; Friday 19:00; Saturday 09:00,yes,Tuesday 07:30-08:00; Wednesday 07:30-08:00; Wednesday 18:30-19:00; Thursday 07:30-08:00; Saturday 08:30-09:00; Saturday 10:15-11:45; Saturday 16:30-17:00; Sunday 07:30-08:00; Sunday 09:30-10:00; Sunday 11:30-12:00,Saturday 10:00-11:45,,Saturday 11:45,,Hamilton,hamilton-ontario-canada,Ontario,ontario,Canada,canada,(905) 544-0488,,,https://images.catholicparishes.org/canada/ontario/diocese_of_hamilton/stannhamilton1.webp; https://images.catholicparishes.org/canada/ontario/diocese_of_hamilton/stannhamilton2.webp,,,,,"On the first friday of the month, mass is in latin. All other weeks it is in english.",12/30/2025
173,st-anne-kitchener,St. Anne,https://stanneskitchener.ca,,43.450372,-80.470538,"268 East Ave, Kitchener, ON N2H 1Z4, Canada",Diocese of Hamilton,diocese-of-hamilton-canada,https://hamiltondiocese.com,,,Waterloo,waterloo-diocese-of-hamilton-canada,Saturday 16:00; Sunday 09:30; Sunday 14:00 (Vietnamese),Monday 08:00; Tuesday 08:00; Wednesday 08:00; Thursday 19:00; Friday 08:00,,Thursday 18:00-19:00,Thursday 07:30-08:00; Thursday 19:30-20:30,,,,Kitchener,kitchener-ontario-canada,Ontario,ontario,Canada,canada,(519) 745-5302,stannekitchener@hamiltondiocese.com,Vietnamese,https://images.catholicparishes.org/canada/ontario/diocese_of_hamilton/stanne1.webp; https://images.catholicparishes.org/canada/ontario/diocese_of_hamilton/stanne2.webp,,,,,,12/30/2025
174,st-anthony-daniel-kitchener,St. Anthony Daniel,https://stanthonydaniel.ca,,43.448978,-80.448646,"29 Midland Dr, Kitchener, ON N2A 2A9, Canada",Diocese of Hamilton,diocese-of-hamilton-canada,https://hamiltondiocese.com,,,Brant,brant-diocese-of-hamilton-canada,Saturday 17:00; Sunday 09:00; Sunday 11:00,Tuesday 19:00; Wednesday 08:00; Thursday 08:00; Friday 08:00,,Tuesday 18:00-18:45; Saturday 15:30-16:30,Monday 00:00-Sunday 23:59,yes,,,Kitchener,kitchener-ontario-canada,Ontario,ontario,Canada,canada,519-893-6960,stanthonydanielkitchener@hamiltondiocese.com,,https://images.catholicparishes.org/canada/ontario/diocese_of_hamilton/stanthonydaniel1.webp; https://images.catholicparishes.org/canada/ontario/diocese_of_hamilton/stanthonydaniel2.webp,,,,,"24/7 takes place in Adoration Chapel. To get the access code, please call Patrick at 519-748-5548 or Margaret at 519-894-5424.",12/30/2025
175,st-anthony-of-padua-hamilton,St. Anthony of Padua,https://www.stanthonyofpaduahamilton.org,,43.254447,-79.829179,"165 Prospect St N, Hamilton, ON L8L 6X8, Canada",Diocese of Hamilton,diocese-of-hamilton-canada,https://hamiltondiocese.com,,,Hamilton,hamilton-diocese-of-hamilton-canada,Saturday 17:00; Sunday 09:00; Sunday 11:00,Tuesday 19:00; Wednesday 19:00; Thursday 19:00; Friday 19:00,,,,,,,Hamilton,hamilton-ontario-canada,Ontario,ontario,Canada,canada,905-544-3327,stanthonyhamilton@hamiltondiocese.com,Italian,https://images.catholicparishes.org/canada/ontario/diocese_of_hamilton/stanthonyofpadua.webp,,,,,"Language of masses is uncomfirmed. If you have this information, please reach out with the Report Error button below or directly at contact@catholicparishes.org.",12/30/2025
176,st-anthony-of-padua-kincardine,St. Anthony of Padua,https://stanthonykincardine.com,,44.169404,-81.621624,"749 Russell St, Kincardine, ON N2Z 1S7, Canada",Diocese of Hamilton,diocese-of-hamilton-canada,https://hamiltondiocese.com,,,Bruce Grey,bruce-grey-diocese-of-hamilton-canada,Saturday 17:00; Sunday 09:00; Sunday 11:00,Tuesday 19:00; Wednesday 09:00; Thursday 19:00; Friday 09:00,,Saturday 15:30-16:30,,,,,Kincardine,kincardine-ontario-canada,Ontario,ontario,Canada,canada,519-396-2505,stanthonykincardine@hamiltondiocese.com,,https://images.catholicparishes.org/canada/ontario/diocese_of_hamilton/stanthonyofpaudakincardine.webp,,,,,"Adoration takes place on the first friday of each month. The time is unconfirmed. If you have this information, please reach out with the Report Error button below or directly at contact@catholicparishes.org.",12/30/2025
177,st-anthony-of-padua-oakville,St. Anthony of Padua,https://www.stanthonyoakville.ca,,43.441344,-79.673745,"40 John St, Oakville, ON L6K 1G8, Canada",Diocese of Hamilton,diocese-of-hamilton-canada,https://hamiltondiocese.com,,,Halton,halton-diocese-of-hamilton-canada,Saturday 17:00 (Polish); Sunday 09:00 (Polish); Sunday 11:00 (Polish); Sunday 12:30 (Polish),Monday 09:00 (Polish); Tuesday 19:00 (Polish); Wednesday 09:00 (Polish); Wednesday 19:00 (Polish); Thursday 09:00 (Polish); Friday 19:00 (Polish); First Saturday 09:00 (Polish),,Monday 08:30-09:00; Tuesday 18:30-19:00; Wednesday 08:30-09:00; Wednesday 18:30-19:00; Thursday 08:30-09:00; Friday 18:30-19:00; Sunday 08:30-08:55,Wednesday 09:30-19:00; First Wednesday 19:30-09:00,yes,,,Oakville,oakville-ontario-canada,Ontario,ontario,Canada,canada,(905) 845-6067,stanthonyoakville@hamiltondiocese.com,Polish,,,,,,,12/30/2025
178,st-augustine-dundas,St. Augustine,https://staugustinesparish.ca,,43.268878,-79.956978,"58 Sydenham St, Dundas, ON L9H 2T9, Canada",Diocese of Hamilton,diocese-of-hamilton-canada,https://hamiltondiocese.com,,,Hamilton,hamilton-diocese-of-hamilton-canada,Saturday 17:00; Sunday 09:00; Sunday 11:00,Tuesday 18:30; Wednesday 08:00; Thursday 08:00; Friday 08:00,,Saturday 15:45-16:30,Wednesday 08:30-19:00,,,Wednesday 08:30 (Rosary); Thursday 08:30 (Rosary); Friday 08:30 (Rosary),Dundas,dundas-ontario-canada,Ontario,ontario,Canada,canada,(905) 628-2880,,,https://images.catholicparishes.org/canada/ontario/diocese_of_hamilton/staugustine1.webp; https://images.catholicparishes.org/canada/ontario/diocese_of_hamilton/staugustine2.webp,,,,,"From the parish website with regards to daily mass: ""Wednesdays, Thursdays & First Fridays of the month (September to June) and Fridays in Advent and Lent at 8 a.m.""; Adoration ""Starts October 15 to June 11, 2026""",12/30/2025
179,st-basil-brantford,St. Basil,https://stbasilparish.ca,,43.144988,-80.269485,"50 Palace St, Brantford, ON N3T 3Y6, Canada",Diocese of Hamilton,diocese-of-hamilton-canada,https://hamiltondiocese.com,,,Brant,brant-diocese-of-hamilton-canada,Saturday 17:00; Sunday 09:30; Sunday 11:30,Tuesday 19:00; Wednesday 09:00; Thursday 09:00; Friday 09:00,,Saturday 16:00-16:45,,,,,Brantford,brantford-ontario-canada,Ontario,ontario,Canada,canada,(519) 752-0361,stbasilbrantford@hamiltondiocese.com,,https://images.catholicparishes.org/canada/ontario/diocese_of_hamilton/stbasil.webp,,,,,,12/30/2025
180,st-benedict-milton,St. Benedict,https://stbenedictparish.ca,,43.501005,-79.844349,"300 Yates Dr, Milton, ON L9T 2W3, Canada",Diocese of Hamilton,diocese-of-hamilton-canada,https://hamiltondiocese.com,,,Halton,halton-diocese-of-hamilton-canada,Saturday 17:00; Sunday 09:00; Sunday 10:30; Sunday 12:00; Sunday 16:00 (French),Monday 09:00; Tuesday 09:00; Wednesday 09:00; Thursday 09:00; Friday 09:00; First Saturday 09:00,,Saturday 15:30-16:30,Friday 09:30-10:30; First Friday 09:30-21:00,,,,Milton,milton-ontario-canada,Ontario,ontario,Canada,canada,289-878-3118,stbenedictmilton@hamiltondiocese.com,French,https://images.catholicparishes.org/canada/ontario/diocese_of_hamilton/stbenedict.webp,,,,,,12/30/2025
181,st-boniface-maryhill,St. Boniface,https://www.stboniface-maryhill.ca,,43.536579,-80.392314,"1355 Maryhill Rd, Maryhill, ON N0B 2B0, Canada",Diocese of Hamilton,diocese-of-hamilton-canada,https://hamiltondiocese.com,,,Waterloo,waterloo-diocese-of-hamilton-canada,Sunday 11:00,Friday 09:00,,Friday 09:30-10:30,Friday 09:30-10:30,,,,Maryhill,maryhill-ontario-canada,Ontario,ontario,Canada,canada,(519) 648-2069,stboniface.maryhill@gmail.com,,https://images.catholicparishes.org/canada/ontario/diocese_of_hamilton/stboniface1.webp; https://images.catholicparishes.org/canada/ontario/diocese_of_hamilton/stboniface2.webp,,,,,,12/30/2025
182,st-catherine-of-siena-hamilton,St. Catherine of Siena,https://www.catherineofsienachurch.ca,,43.19554,-79.865912,"620 Rymal Rd E, Hamilton, ON L8W 1B3, Canada",Diocese of Hamilton,diocese-of-hamilton-canada,https://hamiltondiocese.com,,,Hamilton,hamilton-diocese-of-hamilton-canada,Saturday 17:00; Sunday 09:00; Sunday 11:00,Tuesday 19:00; Wednesday 09:00; Thursday 09:00; Friday 09:00,,Tuesday 18:15-18:45; Saturday 16:00-16:30,,,,,Hamilton,hamilton-ontario-canada,Ontario,ontario,Canada,canada,905-383-3381,stcatherinehamilton@hamiltondiocese.com,,https://images.catholicparishes.org/canada/ontario/diocese_of_hamilton/stcatherineofsiena.webp,,,,,,12/30/2025
183,st-charles-garnier-hamilton,St. Charles Garnier,https://www.saintcharlesgarnier.com,,43.251595,-79.869567,"129 Hughson St S, Hamilton, ON L8N 2B3, Canada",Diocese of Hamilton,diocese-of-hamilton-canada,https://hamiltondiocese.com,,,Hamilton,hamilton-diocese-of-hamilton-canada,Saturday 17:00; Sunday 10:00,Monday 09:00; Tuesday 09:00; Wednesday 09:00; Thursday 09:00; Friday 09:00,,Saturday 16:00-16:30,Monday 08:00-09:00; Tuesday 08:00-09:00; Wednesday 08:00-09:00; Thursday 08:00-09:00; Friday 08:00-09:00,,,,Hamilton,hamilton-ontario-canada,Ontario,ontario,Canada,canada,905-528-0074,saintcharlesgarnier505@gmail.com,,https://images.catholicparishes.org/canada/ontario/diocese_of_hamilton/stcharlesgarnier.webp,,,,,,12/30/2025
184,st-clement-cambridge,St. Clement,https://www.stclementcambridge.com,,43.396921,-80.356791,"745 Duke St, Cambridge, ON N3H 3T7, Canada",Diocese of Hamilton,diocese-of-hamilton-canada,https://hamiltondiocese.com,,,Waterloo,waterloo-diocese-of-hamilton-canada,Saturday 16:30 (Latin Low Mass); Sunday 09:30 (Latin Chant Mass); Sunday 11:30 (Latin); Sunday 16:30 (Latin Low Mass),Wednesday 12:15; Thursday 12:15; Friday 12:15,yes,Wednesday 12:00-12:15; Thursday 12:00-12:15; Friday 12:00-12:15,,,,,Cambridge,cambridge-ontario-canada,Ontario,ontario,Canada,canada,(519) 653-6123,stclementcambridge@hamiltondiocese.com,,https://images.catholicparishes.org/canada/ontario/diocese_of_hamilton/stclementcambridge1.webp; https://images.catholicparishes.org/canada/ontario/diocese_of_hamilton/stclementcambridge2.webp,,,,,,12/30/2025
185,st-clement-st-clement,St. Clement,https://www.stclementsparish.com,,43.523605,-80.653615,"3619 Lobsinger Line, St. Clements, ON N0B 2M0, Canada",Diocese of Hamilton,diocese-of-hamilton-canada,https://hamiltondiocese.com,"Mission of St. Clement, St. Clements",mission-of-st-clement-st-clements,Waterloo,waterloo-diocese-of-hamilton-canada,Saturday 17:00; Sunday 09:00,Tuesday 09:00; Wednesday 12:00; Thursday 09:00; Friday 09:00,,Friday 14:00-15:00; Saturday 16:00-16:30,Friday 09:30-15:00,,,Friday 15:00 (Divine Mercy Chaplet),St. Clement,st-clement-ontario-canada,Ontario,ontario,Canada,canada,519-699-4425,stclementsparish@sympatico.ca,,https://images.catholicparishes.org/canada/ontario/diocese_of_hamilton/stclementstclement1.webp; https://images.catholicparishes.org/canada/ontario/diocese_of_hamilton/stclementstclement2.webp,,,,,,12/30/2025
186,st-dominic-oakville,St. Dominic,https://saintdominic.ca,,43.399755,-79.718862,"2415 Rebecca St, Oakville, ON L6L 2B1, Canada",Diocese of Hamilton,diocese-of-hamilton-canada,https://hamiltondiocese.com,,,Halton,halton-diocese-of-hamilton-canada,Saturday 17:00; Sunday 09:00; Sunday 11:00,Tuesday 08:30; Wednesday 08:30; Thursday 08:30; Friday 08:30,,Saturday 16:00-16:30,Friday 09:00-10:00,,,Tuesday 09:00 (Rosary); Wednesday 09:00 (Rosary); Thursday 09:00 (Rosary); Friday 09:00 (Rosary),Oakville,oakville-ontario-canada,Ontario,ontario,Canada,canada,(905) 827-2373,office@saintdominic.ca,,https://images.catholicparishes.org/canada/ontario/diocese_of_hamilton/stdominic1.webp; https://images.catholicparishes.org/canada/ontario/diocese_of_hamilton/stdominic2.webp,,,,,Weekday Masses are held in the chapel. Please enter through the gold-coloured doors on the north side of the church.,12/30/2025
187,st-eugene-hamilton,St. Eugene,https://steugenesparish.ca,,43.234378,-79.793599,"232 Queenston Rd, Hamilton, ON L8K 1G6, Canada",Diocese of Hamilton,diocese-of-hamilton-canada,https://hamiltondiocese.com,,,Hamilton,hamilton-diocese-of-hamilton-canada,Saturday 17:00; Sunday 09:00; Sunday 11:00,Tuesday 19:00; Wednesday 08:30; Thursday 08:30; Friday 08:30; Saturday 09:00,,Tuesday 18:30-18:45; Saturday 16:00-16:45,,,,Saturday 09:35 (Rosary),Hamilton,hamilton-ontario-canada,Ontario,ontario,Canada,canada,(905) 549-2694,steugeneschurch@cogeco.net,,https://images.catholicparishes.org/canada/ontario/diocese_of_hamilton/steugene1.webp; https://images.catholicparishes.org/canada/ontario/diocese_of_hamilton/steugene2.webp,,,,,,12/31/2025
188,st-francis-of-assisi-kitchener,St. Francis of Assisi,https://stfranciskw.ca,,43.432662,-80.507166,"49 Blueridge Ave, Kitchener, ON N2M 4E2, Canada",Diocese of Hamilton,diocese-of-hamilton-canada,https://hamiltondiocese.com,,,Waterloo,waterloo-diocese-of-hamilton-canada,Saturday 17:00; Sunday 09:00; Sunday 11:00,Tuesday 09:00; Wednesday 09:00; Thursday 09:00; Friday 09:00,,Saturday 16:00-16:30,,,,,Kitchener,kitchener-ontario-canada,Ontario,ontario,Canada,canada,519-745-7301,stfranciskitchener@hamiltondiocese.com,,https://images.catholicparishes.org/canada/ontario/diocese_of_hamilton/stfrancisofassisi.webp,,,,,,12/31/2025
189,st-francis-xavier-stoney-creek,St. Francis Xavier,https://saintfxstoneycreek.com,,43.219743,-79.731415,"304 Hwy 8, Stoney Creek, ON L8G 1E6, Canada",Diocese of Hamilton,diocese-of-hamilton-canada,https://hamiltondiocese.com,,,Hamilton,hamilton-diocese-of-hamilton-canada,Saturday 17:30; Sunday 09:00; Sunday 11:00,Tuesday 08:00; Wednesday 08:00; Wednesday 19:00; Thursday 08:00; Friday 08:00,,Saturday 16:30-17:00,Friday 08:30-09:30,,,,Stoney Creek,stoney-creek-ontario-canada,Ontario,ontario,Canada,canada,905-662-8593,saintfx@cogeco.net,,,,,,,,12/31/2025
190,st-gabriel-burlington,St. Gabriel,https://www.saintgabrielchurch.com,,43.356307,-79.825027,"2261 Parkway Dr, Burlington, ON L7P 1S9, Canada",Diocese of Hamilton,diocese-of-hamilton-canada,https://hamiltondiocese.com,,,Halton,halton-diocese-of-hamilton-canada,Saturday 17:00; Sunday 09:30 (Polish); Sunday 11:00; Sunday 12:30 (Polish),Tuesday 18:30; Wednesday 18:30 (Polish); Thursday 09:00; Friday 09:00 (Polish); First Saturday 09:00 (Bilingual),,Saturday 15:45-16:30; First Saturday 17:30-18:20,First Friday 09:00-18:30; First Saturday 09:30-10:00,,,,Burlington,burlington-ontario-canada,Ontario,ontario,Canada,canada,905-336-7144,office@saintgabrielchurch.com,Polish,https://images.catholicparishes.org/canada/ontario/diocese_of_hamilton/stgabriel1.webp; https://images.catholicparishes.org/canada/ontario/diocese_of_hamilton/stgabriel2.webp,,,,,,12/31/2025
191,st-gregory-the-great-cambridge,St. Gregory the Great,https://www.saintgregoryparish.com,,43.348576,-80.328188,"10 St Gregorys Dr, Cambridge, ON N1S 3Z1, Canada",Diocese of Hamilton,diocese-of-hamilton-canada,https://hamiltondiocese.com,,,Waterloo,waterloo-diocese-of-hamilton-canada,Saturday 17:00; Sunday 10:00,Tuesday 19:00; Wednesday 08:15; Thursday 08:15; Friday 08:15,,Tuesday 18:00-18:30; Saturday 10:00-10:30,Tuesday 18:00-18:45,,,,Cambridge,cambridge-ontario-canada,Ontario,ontario,Canada,canada,(519) 623-3111,,,https://images.catholicparishes.org/canada/ontario/diocese_of_hamilton/stgregorycambridge.webp,,,,,,12/31/2025
192,st-gregory-the-great-hamilton,St. Gregory the Great,https://www.facebook.com/stgregorythegreathamilton/,,43.2329,-79.76355,"125 Centennial Pkwy N, Hamilton, ON L8E 3N6, Canada",Diocese of Hamilton,diocese-of-hamilton-canada,https://hamiltondiocese.com,,,Hamilton,hamilton-diocese-of-hamilton-canada,Saturday 17:30 (Slovenian); Sunday 09:30 (Slovenian),Monday 19:00 (Slovenian); Tuesday 19:00 (Slovenian); Wednesday 19:00 (Slovenian); Thursday 19:00 (Slovenian); Friday 19:00 (Slovenian),,,,,,,Hamilton,hamilton-ontario-canada,Ontario,ontario,Canada,canada,(905) 561-5971,gregorij.veliki125@gmail.com,Slovenian,,,,,,,12/31/2025
193,st-james-oakville,St. James,https://stjamesparish.ca,,43.436019,-79.68714,"231 Morden Rd, Oakville, ON L6K 2S2, Canada",Diocese of Hamilton,diocese-of-hamilton-canada,https://hamiltondiocese.com,,,Halton,halton-diocese-of-hamilton-canada,Saturday 17:00; Sunday 08:30; Sunday 09:45 (Italian); Sunday 11:00; Sunday 17:00,Monday 08:00; Tuesday 08:00; Wednesday 08:00; Thursday 08:00; Friday 08:00; First Friday 19:00; Saturday 08:00,,Saturday 16:00-17:00,,,,,Oakville,oakville-ontario-canada,Ontario,ontario,Canada,canada,905-845-3603,sjamesoak@sympatico.ca,Italian,,,,,,,12/31/2025
194,st-john-brebeuf-erin,St. John Brébeuf,https://stjohnbrebeuferin.org,,43.770513,-80.059471,"24 Millwood Road, Erin, ON N0B 1T0, Canada",Diocese of Hamilton,diocese-of-hamilton-canada,https://hamiltondiocese.com,St. John Brébeuf and St. Peter,st-john-brbeuf-and-st-peter,Wellington,wellington-diocese-of-hamilton-canada,Saturday 17:00; Sunday 09:00,Tuesday 09:15; Wednesday 09:15; Thursday 19:00; Friday 09:15,,Saturday 16:00-16:45,,,,,Erin,erin-ontario-canada,Ontario,ontario,Canada,canada,519-833-9738,stjohnerin@hamiltondiocese.com,,https://images.catholicparishes.org/canada/ontario/diocese_of_hamilton/stjohnbrebeuf1.webp; https://images.catholicparishes.org/canada/ontario/diocese_of_hamilton/stjohnbrebeuf2.webp,,,,,,12/31/2025
195,st-peter-oustic,St. Peter,https://stjohnbrebeuferin.org,,43.697534,-80.254896,"8404 5th Line, Guelph/Eramosa, ON N0B 2K0, Canada",Diocese of Hamilton,diocese-of-hamilton-canada,https://hamiltondiocese.com,St. John Brébeuf and St. Peter,st-john-brbeuf-and-st-peter,Wellington,wellington-diocese-of-hamilton-canada,Sunday 11:00,,,Sunday 12:00-12:30,,,,,Oustic,oustic-ontario-canada,Ontario,ontario,Canada,canada,519-833-9738,stjohnerin@hamiltondiocese.com,,https://images.catholicparishes.org/canada/ontario/diocese_of_hamilton/stpeteroustic1.webp; https://images.catholicparishes.org/canada/ontario/diocese_of_hamilton/stpeteroustic2.webp,,,,,,12/31/2025
196,st-john-kitchener,St. John,https://stjohnskitchener.ca,,43.44853,-80.509628,"85 Strange St, Kitchener, ON N2G 1R4, Canada",Diocese of Hamilton,diocese-of-hamilton-canada,https://hamiltondiocese.com,,,Waterloo,waterloo-diocese-of-hamilton-canada,Saturday 17:00; Sunday 09:00,Tuesday 11:00; Wednesday 11:00; Thursday 11:00; Friday 11:00,,Tuesday 11:30-12:00; Wednesday 11:30-12:00; Thursday 11:30-12:00; Friday 11:30-12:00; Saturday 15:30-16:30,,,,,Kitchener,kitchener-ontario-canada,Ontario,ontario,Canada,canada,519-745-7855,office@stjohnskitchener.ca,,https://images.catholicparishes.org/canada/ontario/diocese_of_hamilton/stjohnkitchner1.webp; https://images.catholicparishes.org/canada/ontario/diocese_of_hamilton/stjohnkitchner2.webp,,,our-lady-of-guadalupe-kitchener,Our Lady of Guadalupe,,12/31/2025
197,st-john-the-baptist-burlington,St. John the Baptist,https://stjohnthebaptist.ca,,43.331472,-79.805195,"2016 Blairholm Ave, Burlington, ON L7R 1V4, Canada",Diocese of Hamilton,diocese-of-hamilton-canada,https://hamiltondiocese.com,,,Halton,halton-diocese-of-hamilton-canada,Saturday 17:00; Sunday 09:00; Sunday 11:00,Tuesday 19:00; Wednesday 09:00; Thursday 09:00; Friday 09:00,,Tuesday 18:00-18:45; Saturday 16:00-16:45,,,,,Burlington,burlington-ontario-canada,Ontario,ontario,Canada,canada,(905) 634-2485,stjohnburlington@hamiltondiocese.com,,https://images.catholicparishes.org/canada/ontario/diocese_of_hamilton/stjohnthebaptistburlington.webp,,,,,,12/31/2025
198,st-john-the-baptist-guelph,St. John the Baptist,https://www.stjohnparishguelph.ca,,43.559204,-80.233276,"45 Victoria Rd N, Guelph, ON N1E 5G9, Canada",Diocese of Hamilton,diocese-of-hamilton-canada,https://hamiltondiocese.com,,,Wellington,wellington-diocese-of-hamilton-canada,Saturday 17:00; Sunday 09:00; Sunday 11:00; Sunday 12:30 (Spanish),Tuesday 18:30; Wednesday 08:00; Thursday 18:30; Friday 08:00,,Saturday 16:00-16:45,Monday 00:00-Sunday 23:59,yes,,,Guelph,guelph-ontario-canada,Ontario,ontario,Canada,canada,519-824-7311,stjohnguelph@hamiltondiocese.com,Spanish,https://images.catholicparishes.org/canada/ontario/diocese_of_hamilton/stjohnthebaptistguelph1.webp; https://images.catholicparishes.org/canada/ontario/diocese_of_hamilton/stjohnthebaptistguelph2.webp,,,,,The Perpetual Adoration Chapel is open during office hours. For all other times an access key can be requested at the Parish Office.,12/31/2025
199,st-john-the-baptist-hamilton,St. John the Baptist,https://www.stjohnthebaptisthamilton.com,,43.238184,-79.819947,"128 Edgemont St S, Hamilton, ON L8K 2H8, Canada",Diocese of Hamilton,diocese-of-hamilton-canada,https://hamiltondiocese.com,,,Hamilton,hamilton-diocese-of-hamilton-canada,Sunday 09:30,Wednesday 19:00,,Sunday 08:45-09:15,,,,Wednesday 18:30 (Rosary),Hamilton,hamilton-ontario-canada,Ontario,ontario,Canada,canada,(905) 544-2100,stjohnhamilton@hamiltondiocese.com,,https://images.catholicparishes.org/canada/ontario/diocese_of_hamilton/stjohnthebaptisthamilton.webp,,,,,,12/31/2025
200,st-john-the-evangelist-arthur,St. John the Evangelist,https://stjohntheevangelist.ca,,43.83246,-80.535787,"150 Georgina St, Arthur, ON N0G 1A0, Canada",Diocese of Hamilton,diocese-of-hamilton-canada,https://hamiltondiocese.com,Mission of St. John the Evangelist Arthur,mission-of-st-john-the-evangelist-arthur,Wellington,wellington-diocese-of-hamilton-canada,Sunday 10:30,Tuesday 19:00; Wednesday 09:00; Thursday 09:00; Friday 09:00,,Tuesday 19:30-20:00; Wednesday 09:30-10:00; Thursday 09:30-10:00; Friday 09:30-10:00,First Friday 08:30-09:00,,,,Arthur,arthur-ontario-canada,Ontario,ontario,Canada,canada,(519) 848-2108,stjohnarthur@hamiltondiocese.com,,https://images.catholicparishes.org/canada/ontario/diocese_of_hamilton/stjohntheevangelistarthur1.webp,,,,,,12/31/2025
201,sacred-heart-kenilworth,Sacred Heart,https://stjohntheevangelist.ca,,43.900053,-80.632287,"9141 Hwy 6, Kenilworth, ON N0G 2E0, Canada",Diocese of Hamilton,diocese-of-hamilton-canada,https://hamiltondiocese.com,Mission of St. John the Evangelist Arthur,mission-of-st-john-the-evangelist-arthur,Wellington,wellington-diocese-of-hamilton-canada,Sunday 09:00,Friday 10:00,,Friday 10:30-11:00,First Friday 10:00-10:30,,,,Kenilworth,kenilworth-ontario-canada,Ontario,ontario,Canada,canada,(519) 848-2108,stjohnarthur@hamiltondiocese.com,,https://images.catholicparishes.org/canada/ontario/diocese_of_hamilton/sacredheartkenilworth1.webp; https://images.catholicparishes.org/canada/ontario/diocese_of_hamilton/sacredheartkenilworth2.webp,,,,,,12/31/2025
202,st-mary-the-immaculate-palmerston,St. Mary the Immaculate,https://stjohntheevangelist.ca,,43.835165,-80.843715,"365 Main St E, Palmerston, ON N0G 2P0, Canada",Diocese of Hamilton,diocese-of-hamilton-canada,https://hamiltondiocese.com,Mission of St. John the Evangelist Arthur,mission-of-st-john-the-evangelist-arthur,Wellington,wellington-diocese-of-hamilton-canada,Saturday 16:00,Wednesday 10:30,,Wednesday 10:30-11:00,,,,,Palmerston,palmerston-ontario-canada,Ontario,ontario,Canada,canada,(519) 848-2108,stjohnarthur@hamiltondiocese.com,,https://images.catholicparishes.org/canada/ontario/diocese_of_hamilton/stmarypalmerson1.webp; https://images.catholicparishes.org/canada/ontario/diocese_of_hamilton/stmarypalmerson2.webp,,,,,,12/31/2025
203,st-john-the-evangelist-dundalk,St. John the Evangelist,https://www.stjohntheevangelistparishdundalk.com,,44.169881,-80.39136,"160 Main St E, Dundalk, ON N0C 1B0, Canada",Diocese of Hamilton,diocese-of-hamilton-canada,https://hamiltondiocese.com,Mission of St. John the Evangelist Dundalk,mission-of-st-john-the-evangelist-dundalk,Bruce Grey,bruce-grey-diocese-of-hamilton-canada,Saturday 16:00,Friday 11:00; First Saturday 09:00,,Friday 10:30-11:00; Saturday 15:30-16:00; First Saturday 08:30-09:00,First Saturday 09:30-10:30,,,,Dundalk,dundalk-ontario-canada,Ontario,ontario,Canada,canada,(519) 925 8703,stjohndundalk@hamiltondiocese.com,,https://images.catholicparishes.org/canada/ontario/diocese_of_hamilton/stjohntheevangelistdundalk1.webp; https://images.catholicparishes.org/canada/ontario/diocese_of_hamilton/stjohntheevangelistdundalk2.webp,,,,,,12/31/2025
204,trinity-united-shelburne,Trinity United,https://www.stjohntheevangelistparishdundalk.com,,44.079389,-80.205258,"200 Owen Sound St, Shelburne, ON L0N 1S3, Canada",Diocese of Hamilton,diocese-of-hamilton-canada,https://hamiltondiocese.com,Mission of St. John the Evangelist Dundalk,mission-of-st-john-the-evangelist-dundalk,Bruce Grey,bruce-grey-diocese-of-hamilton-canada,Sunday 09:00,,,Sunday 08:30-09:00,,,,,Shelburne,shelburne-ontario-canada,Ontario,ontario,Canada,canada,(519) 925 8703,stjohndundalk@hamiltondiocese.com,,,,,,,"This is not a Catholic Church, however, Catholic Masses still take place here at the times listed above.",12/31/2025
205,st-patrick-proton,St. Patrick,https://www.stjohntheevangelistparishdundalk.com,,44.038005,-80.472019,"046045 Southgate Twp Rd 04, Conn, ON N0G 1N0, Canada",Diocese of Hamilton,diocese-of-hamilton-canada,https://hamiltondiocese.com,Mission of St. John the Evangelist Dundalk,mission-of-st-john-the-evangelist-dundalk,Bruce Grey,bruce-grey-diocese-of-hamilton-canada,Sunday 11:15,,,Sunday 10:45-11:15,,,,,Proton,proton-ontario-canada,Ontario,ontario,Canada,canada,(519) 925 8703,stjohndundalk@hamiltondiocese.com,,https://images.catholicparishes.org/canada/ontario/diocese_of_hamilton/stpatrickproton.webp,,,,,,12/31/2025
206,st-john-the-evangelist-rectory-shelburne,St. John the Evangelist Rectory,https://www.stjohntheevangelistparishdundalk.com,,44.091887,-80.212472,"764 Cook Cres, Shelburne, ON L9V 3V2, Canada",Diocese of Hamilton,diocese-of-hamilton-canada,https://hamiltondiocese.com,Mission of St. John the Evangelist Dundalk,mission-of-st-john-the-evangelist-dundalk,Bruce Grey,bruce-grey-diocese-of-hamilton-canada,,Tuesday 10:00; Wednesday 17:00,,Tuesday 09:30-10:00; Wednesday 16:30-17:00,,,,,Shelburne,shelburne-ontario-canada,Ontario,ontario,Canada,canada,(519) 925 8703,stjohndundalk@hamiltondiocese.com,,,,,,,,12/31/2025
207,st-joseph-brantford,St. Joseph,https://stjosephschurchbrant.ca,,43.147481,-80.276253,"235 Brant Ave, Brantford, ON N3T 3J4, Canada",Diocese of Hamilton,diocese-of-hamilton-canada,https://hamiltondiocese.com,,,Brant,brant-diocese-of-hamilton-canada,Saturday 17:00 (Bilingual); Sunday 09:00; Sunday 11:00 (Polish),Tuesday 19:00; Wednesday 19:00 (Polish); Thursday 08:00; Friday 19:00 (Polish),,Tuesday 18:30-19:00; Wednesday 18:30-19:00; Thursday 07:30-08:00; Friday 18:30-19:00; First Friday 18:00-19:00; Saturday 16:30-17:00; Sunday 08:30-09:00; Sunday 10:30-11:00,,,,,Brantford,brantford-ontario-canada,Ontario,ontario,Canada,canada,(519) 304-7774,stjosephschurch@rogers.com,Polish,https://images.catholicparishes.org/canada/ontario/diocese_of_hamilton/stjosephbrantford.webp,,,,,,12/31/2025
208,st-joseph-fergus,St. Joseph,https://stjosephfergus.org,,43.712293,-80.387504,"760 St David St N, Fergus, ON N1M 2K9, Canada",Diocese of Hamilton,diocese-of-hamilton-canada,https://hamiltondiocese.com,,,Wellington,wellington-diocese-of-hamilton-canada,Saturday 17:00; Sunday 09:00; Sunday 11:00,Tuesday 19:00; Wednesday 08:30; Thursday 08:30; Friday 08:30,,Saturday 16:00-17:00,,,,,Fergus,fergus-ontario-canada,Ontario,ontario,Canada,canada,(519) 843-2006,stjosephfergus@hamiltondiocese.com,,https://images.catholicparishes.org/canada/ontario/diocese_of_hamilton/stjosephfergus1.webp; https://images.catholicparishes.org/canada/ontario/diocese_of_hamilton/stjosephfergus2.webp,,,,,,12/31/2025
209,st-joseph-guelph,St. Joseph,https://www.stjosephguelph.com,,43.537874,-80.267576,"409 Paisley Rd, Guelph, ON N1H 2R4, Canada",Diocese of Hamilton,diocese-of-hamilton-canada,https://hamiltondiocese.com,,,Wellington,wellington-diocese-of-hamilton-canada,Saturday 17:00; Sunday 08:30; Sunday 10:15; Sunday 12:00,Tuesday 07:30; Wednesday 07:30; Wednesday 19:00; Thursday 07:30; Friday 07:30; Saturday 09:00,,Saturday 16:00-16:30,Wednesday 08:00-09:00,,,,Guelph,guelph-ontario-canada,Ontario,ontario,Canada,canada,519-822-4614,stjosephguelph@rogers.com,,https://images.catholicparishes.org/canada/ontario/diocese_of_hamilton/stjosephguelph.webp,,,,,No Adoration during the summer months.,12/31/2025
210,st-joseph-hamilton,St. Joseph,https://www.stjosephhamilton.church,,43.252615,-79.88629,"260 Herkimer St, Hamilton, ON L8P 2H9, Canada",Diocese of Hamilton,diocese-of-hamilton-canada,https://hamiltondiocese.com,,,Hamilton,hamilton-diocese-of-hamilton-canada,Saturday 17:00; Sunday 10:00,Tuesday 08:00; Wednesday 08:00; Thursday 08:00; Friday 08:00,,Saturday 16:00-16:30,,,,,Hamilton,hamilton-ontario-canada,Ontario,ontario,Canada,canada,(905) 528-0019,stjosephhamilton@hamiltondiocese.com,,https://images.catholicparishes.org/canada/ontario/diocese_of_hamilton/stjosephhamilton.webp,,,,,,1/1/2026
211,st-joseph-oakville,St. Joseph,https://stjosephschurch.ca,,43.434103,-79.773122,"2451 Old Bronte Rd, Oakville, ON L6M 0S3, Canada",Diocese of Hamilton,diocese-of-hamilton-canada,https://hamiltondiocese.com,,,Halton,halton-diocese-of-hamilton-canada,Saturday 17:00 (Portuguese); Saturday 19:00 (Aramaic/Chaldean); Sunday 09:00; Sunday 11:00 (Portuguese),Tuesday 19:00 (Portuguese); Wednesday 19:00; Thursday 19:00; Friday 19:00 (Portuguese),,,,,,,Oakville,oakville-ontario-canada,Ontario,ontario,Canada,canada,905-825-2043,stjosephoakville@hamiltondiocese.com,Portuguese; Aramaic/Chaldean,,,,,,,1/1/2026
212,st-joseph-port-elgin,St. Joseph,http://www.stjospar.com/,,44.442038,-81.380108,"920 Wellington St, Port Elgin, ON N0H 2C3, Canada",Diocese of Hamilton,diocese-of-hamilton-canada,https://hamiltondiocese.com,"Mission of St. Joseph, Port Elgin",mission-of-st-joseph-port-elgin,Bruce Grey,bruce-grey-diocese-of-hamilton-canada,Saturday 17:00; Sunday 11:00,Tuesday 19:00; Wednesday 09:30; Friday 09:30,,Saturday 16:00-16:45,,,,,Port Elgin,port-elgin-ontario-canada,Ontario,ontario,Canada,canada,519-832-2202,stjosephportelgin@hamiltondiocese.com,,,,,,,,1/1/2026
213,st-patrick-southampton,St. Patrick,http://www.stjospar.com/,,44.494611,-81.371939,"36 Albert St S, Southampton, ON N0H 2L0, Canada",Diocese of Hamilton,diocese-of-hamilton-canada,https://hamiltondiocese.com,"Mission of St. Joseph, Port Elgin",mission-of-st-joseph-port-elgin,Bruce Grey,bruce-grey-diocese-of-hamilton-canada,Sunday 09:00,Thursday 09:30,,Thursday 10:00-10:45,,,,,Southampton,southampton-ontario-canada,Ontario,ontario,Canada,canada,519-832-2202,stjosephportelgin@hamiltondiocese.com,,,,,,,,1/1/2026
214,st-joseph-cargill,St. Joseph,https://formosaparish.ca,,44.195221,-81.249955,"10 Concession Rd 6, Cargill, ON N0G 1J0, Canada",Diocese of Hamilton,diocese-of-hamilton-canada,https://hamiltondiocese.com,"Mission of Immaculate Conception, Formosa",mission-of-immaculate-conception-formosa,Bruce Grey,bruce-grey-diocese-of-hamilton-canada,Sunday 09:00,Thursday 09:00,,Thursday 08:30-09:00,,,,,Cargill,cargill-ontario-canada,Ontario,ontario,Canada,canada,519-366-2353,maryimmaculatechepstow@hamiltondiocese.com,,https://images.catholicparishes.org/canada/ontario/diocese_of_hamilton/stjosephcargill.webp,,,,,,1/1/2026
215,st-joseph-patron-of-canada-acton,"St. Joseph, Patron of Canada",https://stjosephprayforus.ca/,,43.630698,-80.038559,"64 Church St E, Acton, ON L7J 1K7, Canada",Diocese of Hamilton,diocese-of-hamilton-canada,https://hamiltondiocese.com,,,Halton,halton-diocese-of-hamilton-canada,Saturday 17:00; Sunday 09:00; Sunday 11:00,,,Saturday 16:00-16:30,,,,,Acton,acton-ontario-canada,Ontario,ontario,Canada,canada,519-853-0784,stjoseph.church@bellnet.ca,,https://images.catholicparishes.org/canada/ontario/diocese_of_hamilton/stjosephacton.webp,,,,,,1/1/2026
216,st-lawrence-the-martyr-hamilton,St. Lawrence the Martyr,http://stlawrencehamilton.ca,,43.268984,-79.858401,"125 Picton St E, Hamilton, ON L8L 0C5, Canada",Diocese of Hamilton,diocese-of-hamilton-canada,https://hamiltondiocese.com,,,Hamilton,hamilton-diocese-of-hamilton-canada,Sunday 11:00,Tuesday 19:00; Wednesday 12:30; Thursday 19:00; Friday 12:30; Saturday 10:00,,Tuesday 18:30-19:00; Thursday 18:00-19:00; Saturday 09:30-10:00,,,,,Hamilton,hamilton-ontario-canada,Ontario,ontario,Canada,canada,(905) 529 3921,stlawrencehamilton@hamiltondiocese.com,,https://images.catholicparishes.org/canada/ontario/diocese_of_hamilton/stlawrencehamilton.webp,,,,,,1/1/2026
217,st-louis-waterloo,St. Louis,https://saintlouisparish.ca,,43.462163,-80.516153,"53 Allen St E, Waterloo, ON N2J 1J3",Diocese of Hamilton,diocese-of-hamilton-canada,https://hamiltondiocese.com,,,Waterloo,waterloo-diocese-of-hamilton-canada,Saturday 17:00; Sunday 09:30; Sunday 11:30,Tuesday 09:00; Wednesday 09:00; Thursday 09:00; Friday 09:00,,Saturday 16:00-16:30,,,,,Waterloo,waterloo-ontario-canada,Ontario,ontario,Canada,canada,519-743-4101,stlouiswaterloo@hamiltondiocese.com,,https://images.catholicparishes.org/canada/ontario/diocese_of_hamilton/stlouiswaterloo.webp,,,,,,1/1/2026
218,st-luke-hamilton,St. Luke,https://stlukerchamilton.org,,43.218367,-79.794365,"200 Mt Albion Rd, Hamilton, ON L8K 5S9, Canada",Diocese of Hamilton,diocese-of-hamilton-canada,https://hamiltondiocese.com,,,Hamilton,hamilton-diocese-of-hamilton-canada,Saturday 17:00; Sunday 09:00; Sunday 11:00,Tuesday 19:00; Wednesday 09:00; Thursday 19:00; Friday 09:00,,Saturday 16:15-16:45,,,,,Hamilton,hamilton-ontario-canada,Ontario,ontario,Canada,canada,905-560-1551,stlukehamilton@hamiltondiocese.com,,,,,,,,1/1/2026
219,st-margaret-mary-hamilton,St. Margaret Mary,https://www.stmargaretmaryparish.ca,,43.224051,-79.828331,"20 Idlewood Ave, Hamilton, ON L8T 1V9, Canada",Diocese of Hamilton,diocese-of-hamilton-canada,https://hamiltondiocese.com,,,Hamilton,hamilton-diocese-of-hamilton-canada,Saturday 17:00; Sunday 09:00; Sunday 11:00,Tuesday 19:00; Wednesday 09:00; Thursday 09:00; Friday 09:00,,Saturday 16:00-16:30,Monday 08:00-20:00; Tuesday 08:00-20:00; Wednesday 08:00-20:00; Thursday 08:00-20:00; Friday 08:00-20:00,,,Tuesday 18:30 (Rosary); Tuesday 19:30 (Divine Mercy Chaplet); Wednesday 08:30 (Rosary); Wednesday 09:30 (Divine Mercy Chaplet); Thursday 08:30 (Rosary); Thursday 09:30 (Divine Mercy Chaplet); Friday 08:30 (Rosary); Friday 09:30 (Divine Mercy Chaplet),Hamilton,hamilton-ontario-canada,Ontario,ontario,Canada,canada,(905) 388-2200,office@stmargaretmaryparish.ca,,https://images.catholicparishes.org/canada/ontario/diocese_of_hamilton/stmargaretmaryhamilton.webp,,,,,Adoration takes place in Adoration Chapel,1/1/2026
220,st-mark-kitchener,St. Mark,https://stmarkcatholicparish.org,,43.417062,-80.534988,"55 Driftwood Dr, Kitchener, ON N2N 3A2, Canada",Diocese of Hamilton,diocese-of-hamilton-canada,https://hamiltondiocese.com,,,Waterloo,waterloo-diocese-of-hamilton-canada,Saturday 17:00; Sunday 09:30; Sunday 11:30; Fourth Sunday 15:30 (IGBO); Third Saturday 19:00 (Filipino),Tuesday 12:00; Wednesday 12:00; Thursday 12:00; Friday 12:00; First Saturday 09:00,,Wednesday 11:00-11:45; Saturday 16:00-16:45; First Friday 11:00-11:45,Tuesday 13:00-20:00; Wednesday 13:00-20:00; Thursday 13:00-20:00; Friday 13:00-20:00,,,,Kitchener,kitchener-ontario-canada,Ontario,ontario,Canada,canada,519-571-9200,stmark@rogers.com,Filipino; IGBO,https://images.catholicparishes.org/canada/ontario/diocese_of_hamilton/stmarkkitchner1.webp; https://images.catholicparishes.org/canada/ontario/diocese_of_hamilton/stmarkkitchner2.webp,,,,,Adoration takes place in Adoration Chapel,1/1/2026
221,st-martin-of-tours-drayton,St. Martin of Tours,https://stmaryimmaculate.com,,43.753218,-80.668774,"12 Union St, Drayton, ON N0G 1P0, Canada",Diocese of Hamilton,diocese-of-hamilton-canada,https://hamiltondiocese.com,Mission of St. Mary Immaculate,mission-of-st-mary-immaculate,Wellington,wellington-diocese-of-hamilton-canada,Sunday 09:00,,,Sunday 08:30-08:45,,,,,Drayton,drayton-ontario-canada,Ontario,ontario,Canada,canada,(519) 638-202,jschnurr@hamiltondiocese.com,,https://images.catholicparishes.org/canada/ontario/diocese_of_hamilton/stmartinoftours.webp,,,,,,1/1/2026
222,st-mary-immaculate-elora,St. Mary Immaculate,https://stmaryimmaculate.com,,43.686161,-80.43367,"267 Geddes St, Elora, ON N0B 1S0, Canada",Diocese of Hamilton,diocese-of-hamilton-canada,https://hamiltondiocese.com,Mission of St. Mary Immaculate,mission-of-st-mary-immaculate,Wellington,wellington-diocese-of-hamilton-canada,Saturday 17:00; Sunday 11:00,Monday 09:00; Tuesday 09:00; Wednesday 09:00; Thursday 09:00 Friday 09:00,,Saturday 16:15-16:45; First Thursday 18:40-19:00,First Thursday 18:30-19:30,,,,Elora,elora-ontario-canada,Ontario,ontario,Canada,canada,519-846-5093,jschnurr@hamiltondiocese.com,,https://images.catholicparishes.org/canada/ontario/diocese_of_hamilton/stmaryimmaculateelora.webp,,,,,Check the bulliten in case there have been any updates to the daily mass times.,1/1/2026
223,st-mary-of-the-assumption-owen-sound,St. Mary of the Assumption,https://www.stmarysandthemissions.ca,,44.574909,-80.933798,"554 15th St E, Owen Sound, ON N4K 1X3, Canada",Diocese of Hamilton,diocese-of-hamilton-canada,https://hamiltondiocese.com,Mission of St. Mary of the Assumption,mission-of-st-mary-of-the-assumption,Bruce Grey,bruce-grey-diocese-of-hamilton-canada,Saturday 17:00; Sunday 09:00; Sunday 11:00,Tuesday 19:00; Wednesday 09:00; Thursday 09:00; Thursday 19:00; Friday 09:00,,Tuesday 18:30-19:00; Wednesday 08:30-09:00; Thursday 08:30-09:00; Thursday 18:30-19:00; Friday 08:30-09:00,,,,,Owen Sound,owen-sound-ontario-canada,Ontario,ontario,Canada,canada,519-376-0778,jschnurr@hamiltondiocese.com,,https://images.catholicparishes.org/canada/ontario/diocese_of_hamilton/stmaryoftheassumptionowensound1.webp,,,,,,1/1/2026
224,st-mark-lion-s-head,St. Mark,https://www.stmarysandthemissions.ca,,44.984626,-81.253342,"54 Main St, Lion's Head, ON N0H 1W0, Canada",Diocese of Hamilton,diocese-of-hamilton-canada,https://hamiltondiocese.com,Mission of St. Mary of the Assumption,mission-of-st-mary-of-the-assumption,Bruce Grey,bruce-grey-diocese-of-hamilton-canada,Saturday 09:30,,,Saturday 09:00-09:30,,,,,Lion's Head,lions-head-ontario-canada,Ontario,ontario,Canada,canada,519-376-0778,jschnurr@hamiltondiocese.com,,,,,,,"St. Mark’s community gathers in the Lion’s Head United Church. Because of the remoteness of the parish, the bishop has permitted the Sunday mass to be celebrated here on Saturday mornings.",1/1/2026
225,st-thomas-aquinas-wiarton,St. Thomas Aquinas,https://www.stmarysandthemissions.ca,,44.741993,-81.14291,"552 Gould St, Wiarton, ON N0H 2T0, Canada",Diocese of Hamilton,diocese-of-hamilton-canada,https://hamiltondiocese.com,Mission of St. Mary of the Assumption,mission-of-st-mary-of-the-assumption,Bruce Grey,bruce-grey-diocese-of-hamilton-canada,Sunday 11:00,,,Sunday 10:30-11:00,,,,,Wiarton,wiarton-ontario-canada,Ontario,ontario,Canada,canada,519-376-0778,jschnurr@hamiltondiocese.com,,https://images.catholicparishes.org/canada/ontario/diocese_of_hamilton/stthomasaquinas.webp,,,,,,1/1/2026
226,st-stanislaus-chatsworth,St. Stanislaus,https://www.stmarysandthemissions.ca,,44.452711,-80.891153,"149 McNab St, Chatsworth, ON N0H 1G0, Canada",Diocese of Hamilton,diocese-of-hamilton-canada,https://hamiltondiocese.com,Mission of St. Mary of the Assumption,mission-of-st-mary-of-the-assumption,Bruce Grey,bruce-grey-diocese-of-hamilton-canada,Sunday 09:00,,,Sunday 08:30-09:00,,,,,Chatsworth,chatsworth-ontario-canada,Ontario,ontario,Canada,canada,519-376-0778,jschnurr@hamiltondiocese.com,,https://images.catholicparishes.org/canada/ontario/diocese_of_hamilton/ststanislauschatsworth.webp; https://images.catholicparishes.org/canada/ontario/diocese_of_hamilton/ststanislauschatsworth2.webp,,,,,,1/1/2026
227,st-vincent-meaford,St. Vincent,https://www.stmarysandthemissions.ca,,44.608775,-80.595251,"70 Collingwood St W, Meaford, ON N4L 1H1, Canada",Diocese of Hamilton,diocese-of-hamilton-canada,https://hamiltondiocese.com,Mission of St. Mary of the Assumption,mission-of-st-mary-of-the-assumption,Bruce Grey,bruce-grey-diocese-of-hamilton-canada,Sunday 11:00,,,Sunday 10:30-11:00,,,,,Meaford,meaford-ontario-canada,Ontario,ontario,Canada,canada,519-376-0778,jschnurr@hamiltondiocese.com,,,,,,,,1/1/2026
228,holy-family-sauble-beach,Holy Family,https://www.stmarysandthemissions.ca,,44.64083,-81.269907,"403 Lakeshore Blvd N, Sauble Beach, ON N0H 2G0, Canada",Diocese of Hamilton,diocese-of-hamilton-canada,https://hamiltondiocese.com,Mission of St. Mary of the Assumption,mission-of-st-mary-of-the-assumption,Bruce Grey,bruce-grey-diocese-of-hamilton-canada,Sunday 09:00,,,Sunday 08:30-09:00,,,,,Sauble Beach,sauble-beach-ontario-canada,Ontario,ontario,Canada,canada,519-376-0778,jschnurr@hamiltondiocese.com,,,,,,,IMPORTANT: Masses and confessions only happen between April and October,1/1/2026
229,st-mary-of-the-rosary-hepworth,St. Mary of the Rosary,https://www.stmarysandthemissions.ca,,44.633822,-81.138109,"122 Queen St W, Hepworth, ON N0H 1P0, Canada",Diocese of Hamilton,diocese-of-hamilton-canada,https://hamiltondiocese.com,Mission of St. Mary of the Assumption,mission-of-st-mary-of-the-assumption,Bruce Grey,bruce-grey-diocese-of-hamilton-canada,Sunday 09:00,,,Sunday 08:30-09:00,,,,,Hepworth,hepworth-ontario-canada,Ontario,ontario,Canada,canada,519-376-0778,jschnurr@hamiltondiocese.com,,https://images.catholicparishes.org/canada/ontario/diocese_of_hamilton/stmaryoftheroasryhepworth.webp,,,,,IMPORTANT: Masses and confessions only happen between November and March,1/1/2026
230,st-thomas-the-apostle-tobermory,St. Thomas the Apostle,https://www.stmarysandthemissions.ca,,45.253682,-81.661215,"5 Brock St, Tobermory, ON N0H 2R0, Canada",Diocese of Hamilton,diocese-of-hamilton-canada,https://hamiltondiocese.com,Mission of St. Mary of the Assumption,mission-of-st-mary-of-the-assumption,Bruce Grey,bruce-grey-diocese-of-hamilton-canada,,Saturday 11:30,,Saturday 11:00-11:30,,,,,Tobermory,tobermory-ontario-canada,Ontario,ontario,Canada,canada,519-376-0778,jschnurr@hamiltondiocese.com,,,,,,,,1/1/2026
231,st-mary-cape-croker,St. Mary,https://www.stmarysandthemissions.ca,,44.932724,-81.027043,"20 Lighthouse Rd, Lion's Head, ON N0H 2T0, Canada",Diocese of Hamilton,diocese-of-hamilton-canada,https://hamiltondiocese.com,Mission of St. Mary of the Assumption,mission-of-st-mary-of-the-assumption,Bruce Grey,bruce-grey-diocese-of-hamilton-canada,Sunday 13:00,,,Sunday 12:30-13:00,,,,,Cape Croker,cape-croker-ontario-canada,Ontario,ontario,Canada,canada,519-376-0778,jschnurr@hamiltondiocese.com,,,,,,,,1/1/2026
232,st-mary-of-the-purification-mount-forest,St. Mary of the Purification,https://stmarymountforest.ca,,43.979394,-80.729003,"310 Parkside Dr, Mount Forest, ON N0G 2L3, Canada",Diocese of Hamilton,diocese-of-hamilton-canada,https://hamiltondiocese.com,Mission of St. Mary of the Purification,mission-of-st-mary-of-the-purification,Wellington,wellington-diocese-of-hamilton-canada,Saturday 16:00; Sunday 09:00,Tuesday 19:00; Wednesday 09:00; Thursday 09:00; Friday 09:00; First Saturday 09:00,,Tuesday 17:30-18:30,,,,,Mount Forest,mount-forest-ontario-canada,Ontario,ontario,Canada,canada,519-323-1054,stmarymtforest@wightman.ca,,,,,,,"Additional Mass Times; Birmingham Retirement Community, Mount Forest - 2nd Wednesday of the month: 10:30 a.m.; Strathcona Nursing Home, Mount Forest - 4th Wednesday of the month: 10:30 a.m.",1/2/2026
233,st-thomas-the-apostle-harriston,St. Thomas the Apostle,https://stmarymountforest.ca,,43.917433,-80.86802,"5802 ON-89, Harriston, ON N0G 1Z0, Canada",Diocese of Hamilton,diocese-of-hamilton-canada,https://hamiltondiocese.com,Mission of St. Mary of the Purification,mission-of-st-mary-of-the-purification,Wellington,wellington-diocese-of-hamilton-canada,Saturday 17:30,,,,,,,,Harriston,harriston-ontario-canada,Ontario,ontario,Canada,canada,519-323-1054,stmarymtforest@wightman.ca,,https://images.catholicparishes.org/canada/ontario/diocese_of_hamilton/stthomastheapostleharriston1.webp; https://images.catholicparishes.org/canada/ontario/diocese_of_hamilton/stthomastheapostleharriston2.webp,,,,,"Additional Mass Times; Birmingham Retirement Community, Mount Forest - 2nd Wednesday of the month: 10:30 a.m.; Strathcona Nursing Home, Mount Forest - 4th Wednesday of the month: 10:30 a.m.",1/2/2026
234,st-peter-ayton,St. Peter,https://stmarymountforest.ca,,44.05558,-80.930677,"943 Caroline St, Ayton, ON N0G 1C0, Canada",Diocese of Hamilton,diocese-of-hamilton-canada,https://hamiltondiocese.com,Mission of St. Mary of the Purification,mission-of-st-mary-of-the-purification,Wellington,wellington-diocese-of-hamilton-canada,Sunday 11:00,,,,,,,,Ayton,ayton-ontario-canada,Ontario,ontario,Canada,canada,519-323-1054,stmarymtforest@wightman.ca,,https://images.catholicparishes.org/canada/ontario/diocese_of_hamilton/stpeterayton.webp,,,,,"Additional Mass Times; Birmingham Retirement Community, Mount Forest - 2nd Wednesday of the month: 10:30 a.m.; Strathcona Nursing Home, Mount Forest - 4th Wednesday of the month: 10:30 a.m.",1/2/2026
235,st-mary-of-the-visitation-cambridge,St. Mary of the Visitation,https://stmaryhespeler.ca,,43.431851,-80.307664,"16 Cooper St, Cambridge, ON N3C 2N2, Canada",Diocese of Hamilton,diocese-of-hamilton-canada,https://hamiltondiocese.com,,,Waterloo,waterloo-diocese-of-hamilton-canada,Saturday 17:00; Sunday 09:00; Sunday 11:00,Tuesday 19:00; Wednesday 08:00; Thursday 08:00; Friday 08:00,,Tuesday 07:30-08:30; Wednesday 08:30-09:30; Friday 11:00-13:00; Saturday 10:00-11:00; Saturday 15:30-16:45,Sunday 12:00-Saturday 17:00,,,,Cambridge,cambridge-ontario-canada,Ontario,ontario,Canada,canada,519-658-4443,stmarycambridge@hamiltondiocese.com,,https://images.catholicparishes.org/canada/ontario/diocese_of_hamilton/stmaryofthevisitationcambridge.webp,,,,,,1/2/2026
236,st-mary-hamilton,St. Mary,https://stmaryshamilton.com,,43.26307,-79.869316,"23 Sheaffe St, Hamilton, ON L8R 2N7, Canada",Diocese of Hamilton,diocese-of-hamilton-canada,https://hamiltondiocese.com,,,Hamilton,hamilton-diocese-of-hamilton-canada,Saturday 17:00 (Bilingual); Sunday 09:30; Sunday 11:00 (Portuguese),Tuesday 18:30 (Portuguese); Wednesday 09:00 (Portuguese); Thursday 09:00; Friday 09:00,,Saturday 16:30-16:50,First Friday 09:30-10:30,,,,Hamilton,hamilton-ontario-canada,Ontario,ontario,Canada,canada,(905) 527-4216,stmaryhamilton@hamiltondiocese.com,Portuguese,https://images.catholicparishes.org/canada/ontario/diocese_of_hamilton/stmaryhamilton.webp,,,,,All weekday masses take place in the Chapel.,1/2/2026
237,st-mary-our-lady-of-the-seven-sorrows-kitchener,"St. Mary, Our Lady of the Seven Sorrows",https://stmarysrcchurch.ca,,43.452191,-80.4903,"56 Duke St W, Kitchener, ON N2H 3W7, Canada",Diocese of Hamilton,diocese-of-hamilton-canada,https://hamiltondiocese.com,,,Waterloo,waterloo-diocese-of-hamilton-canada,Saturday 17:00; Sunday 08:30; Sunday 11:00,Tuesday 12:00; Wednesday 12:00; Thursday 12:00; Friday 12:00,,Thursday 11:30-11:50; Saturday 16:00-16:30,Tuesday 12:30-13:00,,,Wednesday 12:30-13:00 (Rosary),Kitchener,kitchener-ontario-canada,Ontario,ontario,Canada,canada,(519) 576-3860,stmarys@rogers.com,,https://images.catholicparishes.org/canada/ontario/diocese_of_hamilton/stmarykitchener1.webp; https://images.catholicparishes.org/canada/ontario/diocese_of_hamilton/stmarykitchener2.webp,,,,,,1/2/2026
238,st-matthew-oakville,St. Matthew,https://www.saintmatthew.ca,,43.440596,-79.71799,"1150 Monks Passage, Oakville, ON L6M 1M2, Canada",Diocese of Hamilton,diocese-of-hamilton-canada,https://hamiltondiocese.com,,,Halton,halton-diocese-of-hamilton-canada,Saturday 17:00; Sunday 09:00; Sunday 10:30; Sunday 12:00,Tuesday 19:00; Wednesday 09:00; Thursday 09:00; Friday 09:00,,Tuesday 18:00-18:45; Saturday 15:30-16:30,,,,,Oakville,oakville-ontario-canada,Ontario,ontario,Canada,canada,(905) 825-0219,stmatthewoakville@hamiltondiocese.com,,https://images.catholicparishes.org/canada/ontario/diocese_of_hamilton/stmatthewoakville.webp,,,,,"The Church is Open to the Public: Tuesday to Friday, 9:00 AM - 2:00 PM",1/2/2026
239,st-michael-oakville,St. Michael,https://www.stmichael-oakville.org,,43.4633,-79.694693,"181 Sewell Dr, Oakville, ON L6H 1E3, Canada",Diocese of Hamilton,diocese-of-hamilton-canada,https://hamiltondiocese.com,,,Halton,halton-diocese-of-hamilton-canada,Saturday 17:00; Sunday 09:00; Sunday 11:00; Sunday 12:30 (Spanish),Monday 08:00; Tuesday 08:00; Tuesday 18:30 (Spanish); Wednesday 08:00; Wednesday 18:30 (Spanish); Thursday 08:00; Thursday 19:00 (Bilingual); Friday 08:00; Friday 18:30 (Spanish); Saturday 09:00,,Wednesday 17:15-18:15; Friday 08:30-09:30; Saturday 15:45-16:45,First Friday 08:30; First Friday 19:00,,,First Friday 08:30 (Rosary); First Friday 19:00 (Rosary),Oakville,oakville-ontario-canada,Ontario,ontario,Canada,canada,905-844-7971,stmichaelchurch@bellnet.ca,Spanish,https://images.catholicparishes.org/canada/ontario/diocese_of_hamilton/stmichaeloakville.webp,,,,,"First Friday: Exposition, Rosary & Benediction after morning and evening mass.",1/2/2026
240,st-michael-waterloo,St. Michael,https://www.stmichaelw.ca,,43.474715,-80.530603,"80 University Ave W, Waterloo, ON N2L 3C7, Canada",Diocese of Hamilton,diocese-of-hamilton-canada,https://hamiltondiocese.com,,,Waterloo,waterloo-diocese-of-hamilton-canada,Saturday 17:00; Sunday 09:00; Sunday 11:00; Sunday 19:00,Tuesday 19:00; Wednesday 12:15; Thursday 12:15; Friday 08:00,,Tuesday 18:15-18:45; Tuesday 19:45-20:15; Wednesday 12:00-12:15; Thursday 12:00-12:15; Friday 07:45-08:00; Friday 08:30-09:00; Saturday 16:00-16:45; Sunday 18:15-18:45,Tuesday 19:30-20:30; Friday 08:30-09:00,,,,Waterloo,waterloo-ontario-canada,Ontario,ontario,Canada,canada,(519) 884-9311,parish@stmichaelw.ca,,https://images.catholicparishes.org/canada/ontario/diocese_of_hamilton/stmichaelwaterloo1.webp; https://images.catholicparishes.org/canada/ontario/diocese_of_hamilton/stmichaelwaterloo2.webp,,,,,,1/2/2026
241,st-patrick-burlington,St. Patrick,https://stpatricksparish.ca,,43.368932,-79.73668,"196 Kenwood Ave, Burlington, ON L7L 4L8, Canada",Diocese of Hamilton,diocese-of-hamilton-canada,https://hamiltondiocese.com,,,Halton,halton-diocese-of-hamilton-canada,Saturday 17:00; Sunday 09:00; Sunday 11:00,Tuesday 19:00; Wednesday 08:30; Thursday 08:30; Friday 08:30,,Saturday 16:00-16:30,,,First Friday 09:00,,Burlington,burlington-ontario-canada,Ontario,ontario,Canada,canada,905-632-6114,stpatrickburlington@hamiltondiocese.com,,,,,,,,1/2/2026
242,st-patrick-cambridge,St. Patrick,https://stpatrickscambridge.ca,,43.361401,-80.311023,"53 Wellington St, Cambridge, ON N1R 3Y6, Canada",Diocese of Hamilton,diocese-of-hamilton-canada,https://hamiltondiocese.com,,,Waterloo,waterloo-diocese-of-hamilton-canada,Saturday 17:00; Sunday 08:00; Sunday 09:00; Sunday 11:00,Tuesday 17:00; Wednesday 08:00; Thrusday 17:00; Friday 08:00,,Friday 08:30-09:30; Saturday 16:30-17:00,Friday 08:30-09:30,,,,Cambridge,cambridge-ontario-canada,Ontario,ontario,Canada,canada,519-623-3773,pastorstpatrickscambridge@gmail.com,,https://images.catholicparishes.org/canada/ontario/diocese_of_hamilton/stpatrickcambridge1.webp; https://images.catholicparishes.org/canada/ontario/diocese_of_hamilton/stpatrickcambridge2.webp,,,,,,1/2/2026
243,st-patrick-hamilton,St. Patrick,https://www.stpatrickshamilton.ca,,43.252662,-79.856576,"440 King St E, Hamilton, ON L8N 1C6, Canada",Diocese of Hamilton,diocese-of-hamilton-canada,https://hamiltondiocese.com,,,Hamilton,hamilton-diocese-of-hamilton-canada,Saturday 17:00; Sunday 09:00; Sunday 11:30; Sunday 19:15,Tuesday 12:15; Wednesday 12:15; Thursday 12:15; Friday 12:15,,Saturday 16:00-16:45,,,,,Hamilton,hamilton-ontario-canada,Ontario,ontario,Canada,canada,905-522-9828,parishoffice@stpatrickshamilton.ca ,,,,,,,,1/2/2026
244,st-paul-chung-kitchener,St. Paul Chung,https://www.stpaulchung.ca,,43.448962,-80.448626,"29 Midland Dr, Kitchener, ON N2A 2A9, Canada",Diocese of Hamilton,diocese-of-hamilton-canada,https://hamiltondiocese.com,,,Waterloo,waterloo-diocese-of-hamilton-canada,Sunday 17:00 (Korean),Wedneday 20:00 (Korean); Friday 10:00 (Korean),,,,,,,Kitchener,kitchener-ontario-canada,Ontario,ontario,Canada,canada,519-208-1913,infostpaulchung@gmail.com,Korean,,,,,,"Confessions are heard before masses.; Weekday masses take place at 67 Allen St. East, Waterloo",1/2/2026
245,st-paul-the-apostle-burlington,St. Paul the Apostle,https://www.stpaultheapostleburlington.com,,43.381749,-79.81975,"2265 Headon Rd, Burlington, ON L7M 4E2, Canada",Diocese of Hamilton,diocese-of-hamilton-canada,https://hamiltondiocese.com,,,Halton,halton-diocese-of-hamilton-canada,Saturday 17:00; Sunday 09:00; Sunday 11:00; Sunday 20:00,Monday 09:00; Tuesday 19:00; Wednesday 09:00; Thursday 09:00; Friday 09:00; Saturday 09:00,,Saturday 15:30-17:00; First Friday 09:30-12:00,,,,,Burlington,burlington-ontario-canada,Ontario,ontario,Canada,canada,905-332-5115,stpaulburlington@hamiltondiocese.com,,https://images.catholicparishes.org/canada/ontario/diocese_of_hamilton/stpaualtheapostleburlington1.webp; https://images.catholicparishes.org/canada/ontario/diocese_of_hamilton/stpaualtheapostleburlington2.webp,,,,,Check the bulletin for the Adoration Schedule,1/2/2026
246,st-peter-the-apostle-durham,St. Peter the Apostle,https://stpeterandthemissions.com,,44.186582,-80.822068,"850 Garafraxa St N, Durham, ON N0G 1R0, Canada",Diocese of Hamilton,diocese-of-hamilton-canada,https://hamiltondiocese.com,St. Peter and the Missions,st-peter-and-the-missions,Bruce Grey,bruce-grey-diocese-of-hamilton-canada,Sunday 11:00 (Latin Sung Mass),Tuesday 19:00 (Latin Low Mass); Thursday 09:00 (Latin Low Mass),yes,Tuesday 18:00-19:00; Thursday 08:45-09:00,Tuesday 18:00-19:00,,,,Durham,durham-ontario-canada,Ontario,ontario,Canada,canada,(519) 986-7445,stpeterandmissionsdurham@hamiltondiocese.com,,https://images.catholicparishes.org/canada/ontario/diocese_of_hamilton/stpeterdurham.webp,,,,,,1/2/2026
247,st-paul-the-apostle-dornoch,St. Paul the Apostle,https://stpeterandthemissions.com,,44.309347,-80.854931,"315151 Hwy 6, Dornoch, ON N0G 1R0, Canada",Diocese of Hamilton,diocese-of-hamilton-canada,https://hamiltondiocese.com,St. Peter and the Missions,st-peter-and-the-missions,Bruce Grey,bruce-grey-diocese-of-hamilton-canada,Saturday 16:00 (Latin Low Mass),,yes,,,,,,Dornoch,dornoch-ontario-canada,Ontario,ontario,Canada,canada,(519) 986-7445,stpeterandmissionsdurham@hamiltondiocese.com,,https://images.catholicparishes.org/canada/ontario/diocese_of_hamilton/stpauldornoch.webp,,,,,,1/2/2026
248,st-joseph-markdale,St. Joseph,https://stpeterandthemissions.com,,44.317423,-80.645611,"85 Toronto St S, Markdale, ON N0C 1H0, Canada",Diocese of Hamilton,diocese-of-hamilton-canada,https://hamiltondiocese.com,St. Peter and the Missions,st-peter-and-the-missions,Bruce Grey,bruce-grey-diocese-of-hamilton-canada,Saturday 17:30 (Latin Low Mass),Wednesday 09:00 (Latin Low Mass); Friday 09:00 (Latin Low Mass),yes,Wednesday 08:45-09:00; Friday 08:45-09:00; Saturday 17:00-17:30,,,,,Markdale,markdale-ontario-canada,Ontario,ontario,Canada,canada,(519) 986-7445,stpeterandmissionsdurham@hamiltondiocese.com,,,,,,,,1/2/2026
249,st-john-the-evangelist-glenelg,St. John the Evangelist,https://stpeterandthemissions.com,,44.233662,-80.695176,"384256 Concession Rd 4 Lot 17, West Grey, ON N0C 1K0, Canada",Diocese of Hamilton,diocese-of-hamilton-canada,https://hamiltondiocese.com,St. Peter and the Missions,st-peter-and-the-missions,Bruce Grey,bruce-grey-diocese-of-hamilton-canada,Sunday 09:00 (Latin Sung Mass); Sunday 13:00 (Traditional Latin Mass),,yes,Sunday 08:30-09:00; Sunday 12:30-13:00,,,,Sunday 08:30 (Rosary); Sunday 12:30 (Rosary),Glenelg,glenelg-ontario-canada,Ontario,ontario,Canada,canada,(519) 986-7445,stpeterandmissionsdurham@hamiltondiocese.com,,https://images.catholicparishes.org/canada/ontario/diocese_of_hamilton/stjohnglenelg.webp,,,,,,1/2/2026
250,st-peter-yu-hamilton,St. Peter Yu,https://cafe.daum.net/stpeteryu,,43.238325,-79.779418,"6 Heath St, Hamilton, ON L8H 3Y5, Canada",Diocese of Hamilton,diocese-of-hamilton-canada,https://hamiltondiocese.com,,,Hamilton,hamilton-diocese-of-hamilton-canada,Sunday 11:00 (Korean); Sunday 17:30 (Korean),Tuesday 20:00 (Korean),,,,,,,Hamilton,hamilton-ontario-canada,Ontario,ontario,Canada,canada,905-545-3004,saintpeteryu@gmail.com,Korean,,,,,,,1/2/2026
251,paroisse-st-philippe-burlington,Paroisse St. Philippe,https://paroissestphilippe.ca,,43.325525,-79.799729,"472 Locust St, Burlington, ON L7S 1V1, Canada",Diocese of Hamilton,diocese-of-hamilton-canada,https://hamiltondiocese.com,,,Halton,halton-diocese-of-hamilton-canada,Saturday 18:00 (French); Sunday 09:00 (French); Sunday 11:00 (French),,,,,,,,Burlington,burlington-ontario-canada,Ontario,ontario,Canada,canada,905-632-1802,stphilippe@cogeco.ca,French,https://images.catholicparishes.org/canada/ontario/diocese_of_hamilton/stphilippeburlington.webp,,,,,,1/2/2026
252,st-pius-x-brantford,St. Pius X,https://stpiusbrantford.ca,,43.164184,-80.271471,"9 Waverly St, Brantford, ON N3R 2L3 ,Canada",Diocese of Hamilton,diocese-of-hamilton-canada,https://hamiltondiocese.com,,,Brant,brant-diocese-of-hamilton-canada,Saturday 17:00; Sunday 09:00; Sunday 11:00; Sunday 19:00,Monday 09:00; Tuesday 09:00; Wednesday 09:00; Thursday 09:00; Friday 09:00,,Monday 08:45-09:00; Tuesday 08:45-09:00; Wednesday 08:45-09:00; Thursday 08:45-09:00; Friday 08:45-09:00; Saturday 16:00-16:30,Friday 08:00-08:50; Friday 09:30-15:00,,,,Brantford,brantford-ontario-canada,Ontario,ontario,Canada,canada,(519) 753-8439,office@stpiusbrantford.ca,,https://images.catholicparishes.org/canada/ontario/diocese_of_hamilton/stpiusxbrantford1.webp; https://images.catholicparishes.org/canada/ontario/diocese_of_hamilton/stpiusxbrantford2.webp,,,,,Friday Morning Adoration is in the Church and Friday 09:30-15:00 Adoration is in the Chapel,1/2/2026
253,st-raphael-burlington,St. Raphael,https://straphaels.ca,,43.354548,-79.766577,"4072 New St, Burlington, ON L7L 1S9, Canada",Diocese of Hamilton,diocese-of-hamilton-canada,https://hamiltondiocese.com,,,Halton,halton-diocese-of-hamilton-canada,Saturday 17:00; Sunday 09:00; Sudnay 11:00,Monday 09:00; Tuesday 09:00; Wednesday 09:00; Thursday 09:00; Friday 09:00,,Saturday 16:00-16:30,Monday 00:00-Sunday 23:59,yes,,,Burlington,burlington-ontario-canada,Ontario,ontario,Canada,canada,(905) 637-2346,straphaelburlington@hamiltondiocese.com,,https://images.catholicparishes.org/canada/ontario/diocese_of_hamilton/straphaelburlington.webp,,,,,"Perpetual Adoration takes place in Adoration Chapel. For security reasons, those wishing to pray in the chapel during night hours must register with our parish office in person. You can do this during daytime office hours, 9:00 AM – 4:00 PM, Monday through Wednesday.",1/2/2026
254,st-stanislaus-kostka-hamilton,St. Stanislaus Kostka,https://www.stankostka.ca/en,,43.255744,-79.834915,"8 Saint Ann St, Hamilton, ON L8L 6P8, Canada",Diocese of Hamilton,diocese-of-hamilton-canada,https://hamiltondiocese.com,,,Hamilton,hamilton-diocese-of-hamilton-canada,Saturday 17:00 (Polish); Sunday 08:00 (Polish); Sunday 09:30; Sunday 11:00 (Polish); Sunday 12:45 (Polish),Tuesday 18:30 (Polish); Wednesday 18:30 (Polish); Thursday 18:30 (Polish); Friday 18:45 (Polish); Saturday 09:00 18:30 (Polish),,Tuesday 18:00-18:20; Wedensday 17:30-18:20; Thursday 18:00-18:20; Friday 17:30-18:20; Saturday 08:30-08:50; Saturday 16:00-16:45,Friday 17:30-18:30,,,Friday 18:30 (Divine Mercy Chaplet),Hamilton,hamilton-ontario-canada,Ontario,ontario,Canada,canada,(905) 544-0726,ststanislaushamilton@hamiltondiocese.com,Polish,,,,,,,1/2/2026
255,st-stephen-of-hungary-hamilton,St. Stephen of Hungary,https://www.ststephenhamilton.church,,43.262429,-79.86017,"130 Barton St E, Hamilton, ON L8L 2W4, Canada",Diocese of Hamilton,diocese-of-hamilton-canada,https://hamiltondiocese.com,,,Hamilton,hamilton-diocese-of-hamilton-canada,Sunday 10:30 (Hungarian),,,,,,,,Hamilton,hamilton-ontario-canada,Ontario,ontario,Canada,canada,905-529-1213,ststephenhamilton@hamiltondiocese.com,Hungarian,https://images.catholicparishes.org/canada/ontario/diocese_of_hamilton/ststephenofhungaryhamilton.webp,,,,,Confessions are Upon Request - please call 905-529-1213,1/2/2026
256,st-teresa-of-avila-elmira,St. Teresa of Avila,http://www.stteresaelmira.ca,,43.591115,-80.572472,"19 Flamingo Dr, Elmira, ON N3B 1V3, Canada",Diocese of Hamilton,diocese-of-hamilton-canada,https://hamiltondiocese.com,,,Waterloo,waterloo-diocese-of-hamilton-canada,Saturday 17:00; Sunday 09:00,,,,First Thursday 12:30-13:30,,,,Elmira,elmira-ontario-canada,Ontario,ontario,Canada,canada,519-669-3387,stteresaelmira@hamiltondiocese.com,,https://images.catholicparishes.org/canada/ontario/diocese_of_hamilton/stteresaofavilaelmira.webp,,,,,Check the bulletin for the weekly mass schedule.,1/2/2026
257,st-teresa-of-avila-kitchener,St. Teresa of Avila,http://stteresakit.ca,,43.467034,-80.487856,"44 Leonard St, Kitchener, ON N2H 6C8, Canada",Diocese of Hamilton,diocese-of-hamilton-canada,https://hamiltondiocese.com,,,Waterloo,waterloo-diocese-of-hamilton-canada,Saturday 17:00; Sunday 10:00,Tuesday 19:00; Wednesday 19:00; Thursday 08:30; Friday 08:30; First Friday 19:00; Saturday 09:00,,Tuesday 18:30-19:00; Wednesday 18:30-19:00; Thursday 08:00-08:30; Friday 08:00-08:30; Saturday 08:30-09:00; Saturday 16:30-16:50,First Friday 18:00-19:00,,,,Kitchener,kitchener-ontario-canada,Ontario,ontario,Canada,canada,519-743-4525,stteresakitchener@hamiltondiocese.com,,https://images.catholicparishes.org/canada/ontario/diocese_of_hamilton/stteresakitchner1.webp; https://images.catholicparishes.org/canada/ontario/diocese_of_hamilton/stteresakitchner2.webp,,,,,"Saturday 09:00 Mass does not take place during August; On the first Friday on the month, only the even mass is celebrated.",1/2/2026
258,st-thomas-the-apostle-waterdown,St. Thomas the Apostle,https://www.stthomaswaterdown.com,,43.344812,-79.91587,"715 Centre Rd, Waterdown, ON L0R 2H0, Canada",Diocese of Hamilton,diocese-of-hamilton-canada,https://hamiltondiocese.com,,,Hamilton,hamilton-diocese-of-hamilton-canada,Saturday 17:00; Sunday 09:00; Sunday 11:30,Tuesday 08:00; Wednesday 08:00; Thursday 08:00; Friday 08:00,,Saturday 16:00-16:30,,,,,Waterdown,waterdown-ontario-canada,Ontario,ontario,Canada,canada,(905) 689-4857,stthomaswaterdown@hamiltondiocese.com,,https://images.catholicparishes.org/canada/ontario/diocese_of_hamilton/stthomastheapostlewaterdown1.webp; https://images.catholicparishes.org/canada/ontario/diocese_of_hamilton/stthomastheapostlewaterdown2.webp,,,,,,1/2/2026
259,sts-martyrs-canadiens-cambridge,Sts. Martyrs Canadiens,https://eglise-saints-martyrs-canadiens.ca,,43.361546,-80.313297,"71 Ainslie St N, Cambridge, ON N1R 1R2, Canada",Diocese of Hamilton,diocese-of-hamilton-canada,https://hamiltondiocese.com,,,Waterloo,waterloo-diocese-of-hamilton-canada,Sunday 10:00 (French),,,Sunday 09:30-10:00; Sunday 11:00-11:30,,,,,Cambridge,cambridge-ontario-canada,Ontario,ontario,Canada,canada,519-622-4492,Stmartyrs15@gmail.com,French,https://images.catholicparishes.org/canada/ontario/diocese_of_hamilton/stsmartyrscanadienscambridge1.webp; https://images.catholicparishes.org/canada/ontario/diocese_of_hamilton/stsmartyrscanadienscambridge2.webp,,,,,,1/2/2026
260,sts-peter-and-paul-hamilton,Sts. Peter and Paul,https://www.stspeterandpaul.ca,,43.23863,-79.87498,"50 Brucedale Ave E, Hamilton, ON L9A 1M8, Canada",Diocese of Hamilton,diocese-of-hamilton-canada,https://hamiltondiocese.com,,,Hamilton,hamilton-diocese-of-hamilton-canada,Saturday 17:00; Sunday 10:00,Tuesday 08:30; Wednesday 08:30; Thursday 08:30; Friday 08:30,,Saturday 16:15-16:45,Friday 09:00-09:30,,,,Hamilton,hamilton-ontario-canada,Ontario,ontario,Canada,canada,905-387-3550,stspeterandpaulhamilton@hamiltondiocese.com,,https://images.catholicparishes.org/canada/ontario/diocese_of_hamilton/stspeterandpaulhamilton.webp,,,,,Weekday Masses and Adoration take place in the Chapel.; Adoration only takes place from September to June.,1/2/2026
261,st-anthony-daniel-scotland,St. Anthony Daniel,https://blessedsacramentparish.ca,,43.026871,-80.376179,"57 Simcoe St, Brant, ON N0E 1R0, Canada",Diocese of Hamilton,diocese-of-hamilton-canada,https://hamiltondiocese.com,Blessed Sacrament and St. Anthony Daniel,blessed-sacrament-and-st-anthony-daniel,Brant,brant-diocese-of-hamilton-canada,Sunday 11:30,,,,,,,,Scotland,scotland-ontario-canada,Ontario,ontario,Canada,canada,(519) 449.5143  ,,,https://images.catholicparishes.org/canada/ontario/diocese_of_hamilton/stanthonydanielscotland.webp,,,,,,1/2/2026
262,sacred-heart-teeswater,Sacred Heart,https://formosaparish.ca,,43.994937,-81.288836,"14 Gordon St W, Teeswater, ON N0G 2S0, Canada",Diocese of Hamilton,diocese-of-hamilton-canada,https://hamiltondiocese.com,"Mission of Immaculate Conception, Formosa",mission-of-immaculate-conception-formosa,Bruce Grey,bruce-grey-diocese-of-hamilton-canada,Sunday 09:00,Wednesday 09:00; Thursday 19:00,,Thursday 16:00-18:45,,,,,Teeswater,teeswater-ontario-canada,Ontario,ontario,Canada,canada,519- 367-5341,immaculateconceptionformosa@hamiltondiocese.com,,,,,,,,1/2/2026
263,st-anne-chesley,St. Anne,https://holyfamily.ca,,44.298441,-81.096727,"58 2nd Ave SW, Chesley, ON N0G 1L0, Canada",Diocese of Hamilton,diocese-of-hamilton-canada,https://hamiltondiocese.com,Mission of the Holy Family,mission-of-the-holy-family,Bruce Grey,bruce-grey-diocese-of-hamilton-canada,First Sunday 16:00; Third Sunday 16:00,,,,,,,,Chesley,chesley-ontario-canada,Ontario,ontario,Canada,canada,(519) 364-1973,info@holyfamily.ca,,https://images.catholicparishes.org/canada/ontario/diocese_of_hamilton/stannechesley.webp,,,,,,1/2/2026
264,st-francis-xavier-carlsruhe,St. Francis Xavier,https://holyfamily.ca,,44.109035,-81.047509,"233 Concession Rd 14, Walkerton, ON N4N 3C1, Canada",Diocese of Hamilton,diocese-of-hamilton-canada,https://hamiltondiocese.com,Mission of the Holy Family,mission-of-the-holy-family,Bruce Grey,bruce-grey-diocese-of-hamilton-canada,Sunday 11:00,,,,,,,,Carlsruhe,carlsruhe-ontario-canada,Ontario,ontario,Canada,canada,(519) 364-1973,info@holyfamily.ca,,https://images.catholicparishes.org/canada/ontario/diocese_of_hamilton/stfrancisxaviercarlsruhe.webp,,,,,,1/2/2026
265,st-brigid-ayr,St. Brigid,https://www.bskchurch.ca,,43.288722,-80.451393,"50 Manley St, Ayr, ON N0B 1E0, Canada",Diocese of Hamilton,diocese-of-hamilton-canada,https://hamiltondiocese.com,"Mission of Blessed Sacrament, Kitchener",mission-of-blessed-sacrament-kitchener,Waterloo,waterloo-diocese-of-hamilton-canada,Saturday 17:00,,,,,,,,Ayr,ayr-ontario-canada,Ontario,ontario,Canada,canada,519-742-5061,blessedsacrament1977@rogers.com,,,,,,,Saturday Vigil Mass is celebrated at Christ Church (Anglican),1/2/2026
266,st-mary-queen-of-heaven-linwood,St. Mary Queen of Heaven,https://stmaryslmc.ca,,43.580873,-80.724963,"1043 Isabella St, Linwood, ON N0B 2A0, Canada",Diocese of Hamilton,diocese-of-hamilton-canada,https://hamiltondiocese.com,"Mission of St. Clement, St. Clements",mission-of-st-clement-st-clements,Waterloo,waterloo-diocese-of-hamilton-canada,Sunday 09:00 (Latin); Sunday 11:00,Tuesday 19:00 (Latin); Wednesday 09:00 (Latin); Wednesday 16:00; Thursday 09:00 (Latin); Friday 19:00 (Latin); Saturday 09:00 (Latin),,,,,,,Linwood,linwood-ontario-canada,Ontario,ontario,Canada,canada,519-699-4425,stclementsparish@sympatico.ca,,https://images.catholicparishes.org/canada/ontario/diocese_of_hamilton/stmaryqueenofheavenlinwood.webp; https://images.catholicparishes.org/canada/ontario/diocese_of_hamilton/stmaryqueenofheavenlinwood2.webp,,,,,Sunday 11:00 Masses only take place during the Fall/Winter months,1/2/2026
267,st-joseph-macton,St. Joseph,https://www.stclementsparish.com/,,43.622462,-80.690533,"7613 Line 86, Macton, ON N0B 2S0, Canada",Diocese of Hamilton,diocese-of-hamilton-canada,https://hamiltondiocese.com,"Mission of St. Clement, St. Clements",mission-of-st-clement-st-clements,Waterloo,waterloo-diocese-of-hamilton-canada,Sunday 11:00,,,,,,,,Macton,macton-ontario-canada,Ontario,ontario,Canada,canada,519-699-4425,stclementsparish@sympatico.ca,,https://images.catholicparishes.org/canada/ontario/diocese_of_hamilton/stjosephmacton1.webp; https://images.catholicparishes.org/canada/ontario/diocese_of_hamilton/stjosephmacton2.webp,,,,,IMPORTANT: Sunday 11:00 Masses only take place during the spring and summer months.,1/2/2026